-- MySQL dump 10.13  Distrib 8.0.23, for Win64 (x86_64)
--
-- Host: localhost    Database: vk
-- ------------------------------------------------------
-- Server version	8.0.23

/*!40101 SET @OLD_CHARACTER_SET_CLIENT=@@CHARACTER_SET_CLIENT */;
/*!40101 SET @OLD_CHARACTER_SET_RESULTS=@@CHARACTER_SET_RESULTS */;
/*!40101 SET @OLD_COLLATION_CONNECTION=@@COLLATION_CONNECTION */;
/*!50503 SET NAMES utf8mb4 */;
/*!40103 SET @OLD_TIME_ZONE=@@TIME_ZONE */;
/*!40103 SET TIME_ZONE='+00:00' */;
/*!40014 SET @OLD_UNIQUE_CHECKS=@@UNIQUE_CHECKS, UNIQUE_CHECKS=0 */;
/*!40014 SET @OLD_FOREIGN_KEY_CHECKS=@@FOREIGN_KEY_CHECKS, FOREIGN_KEY_CHECKS=0 */;
/*!40101 SET @OLD_SQL_MODE=@@SQL_MODE, SQL_MODE='NO_AUTO_VALUE_ON_ZERO' */;
/*!40111 SET @OLD_SQL_NOTES=@@SQL_NOTES, SQL_NOTES=0 */;

--
-- Table structure for table `communities`
--

DROP TABLE IF EXISTS `communities`;
/*!40101 SET @saved_cs_client     = @@character_set_client */;
/*!50503 SET character_set_client = utf8mb4 */;
CREATE TABLE `communities` (
  `id` int unsigned NOT NULL AUTO_INCREMENT COMMENT 'Идентификатор сроки',
  `owner_id` int unsigned NOT NULL,
  `name` varchar(150) CHARACTER SET utf8mb4 COLLATE utf8mb4_unicode_ci NOT NULL COMMENT 'Название группы',
  `created_at` datetime DEFAULT CURRENT_TIMESTAMP COMMENT 'Время создания строки',
  `updated_at` datetime DEFAULT CURRENT_TIMESTAMP ON UPDATE CURRENT_TIMESTAMP COMMENT 'Время обновления строки',
  PRIMARY KEY (`id`),
  UNIQUE KEY `name` (`name`)
) ENGINE=InnoDB AUTO_INCREMENT=101 DEFAULT CHARSET=utf8mb4 COLLATE=utf8mb4_unicode_ci COMMENT='Группы';
/*!40101 SET character_set_client = @saved_cs_client */;

--
-- Dumping data for table `communities`
--

LOCK TABLES `communities` WRITE;
/*!40000 ALTER TABLE `communities` DISABLE KEYS */;
INSERT INTO `communities` VALUES (1,32,'voluptas','2015-05-02 17:59:09','2021-02-14 18:21:45'),(2,98,'et','2019-12-28 13:43:25','2021-02-14 18:21:45'),(3,93,'sint','2014-11-19 20:29:47','2021-02-14 18:21:45'),(4,69,'commodi','2019-01-18 18:39:41','2021-02-14 18:21:45'),(5,66,'iste','2015-11-28 11:18:30','2021-02-14 18:21:45'),(6,23,'itaque','2020-04-11 23:13:08','2021-02-14 18:21:45'),(7,17,'iusto','2012-11-25 07:03:54','2021-02-14 18:21:45'),(8,16,'rem','2015-06-27 19:03:03','2021-02-14 18:21:45'),(9,27,'velit','2011-07-25 20:52:28','2021-02-14 18:21:45'),(10,89,'quisquam','2020-06-10 11:38:19','2021-02-14 18:21:45'),(11,63,'vero','2014-11-29 06:48:12','2021-02-14 18:21:45'),(12,45,'error','2020-09-21 03:57:51','2021-02-14 18:21:45'),(13,37,'repudiandae','2017-01-29 07:57:12','2021-02-14 18:21:45'),(14,48,'quasi','2019-06-07 11:05:33','2021-02-14 18:21:45'),(15,30,'numquam','2015-08-01 01:26:33','2021-02-14 18:21:45'),(16,5,'molestiae','2015-10-19 04:11:41','2021-02-14 18:21:45'),(17,33,'laboriosam','2019-10-28 18:07:36','2021-02-14 18:21:45'),(18,49,'voluptatem','2017-10-22 19:49:57','2021-02-14 18:21:45'),(19,48,'ratione','2018-05-20 05:31:41','2021-02-14 18:21:45'),(20,93,'nam','2014-01-27 19:17:03','2021-02-14 18:21:45');
/*!40000 ALTER TABLE `communities` ENABLE KEYS */;
UNLOCK TABLES;

--
-- Table structure for table `communities_users`
--

DROP TABLE IF EXISTS `communities_users`;
/*!40101 SET @saved_cs_client     = @@character_set_client */;
/*!50503 SET character_set_client = utf8mb4 */;
CREATE TABLE `communities_users` (
  `community_id` int unsigned NOT NULL COMMENT 'Ссылка на группу',
  `user_id` int unsigned NOT NULL COMMENT 'Ссылка на пользователя',
  `created_at` datetime DEFAULT CURRENT_TIMESTAMP COMMENT 'Время создания строки',
  PRIMARY KEY (`community_id`,`user_id`) COMMENT 'Составной первичный ключ'
) ENGINE=InnoDB DEFAULT CHARSET=utf8mb4 COLLATE=utf8mb4_unicode_ci COMMENT='Участники групп, связь между пользователями и группами';
/*!40101 SET character_set_client = @saved_cs_client */;

--
-- Dumping data for table `communities_users`
--

LOCK TABLES `communities_users` WRITE;
/*!40000 ALTER TABLE `communities_users` DISABLE KEYS */;
INSERT INTO `communities_users` VALUES (1,17,'2017-01-30 11:55:42'),(1,20,'2016-02-23 19:01:39'),(1,29,'2020-02-18 22:42:53'),(1,73,'2012-03-02 19:04:31'),(1,86,'2020-06-18 19:51:16'),(2,6,'2014-03-18 02:46:36'),(2,10,'2017-01-26 11:32:53'),(2,76,'2018-03-12 10:55:00'),(2,92,'2014-01-19 04:42:43'),(2,94,'2011-03-17 22:01:01'),(3,5,'2015-03-27 07:09:40'),(3,21,'2020-02-05 04:32:43'),(3,33,'2012-02-13 03:22:35'),(3,35,'2012-10-12 17:53:13'),(3,47,'2020-11-02 20:42:05'),(3,48,'2020-02-01 21:11:19'),(3,58,'2014-03-17 17:22:06'),(3,88,'2019-10-21 23:44:34'),(3,97,'2017-12-15 22:12:06'),(4,1,'2018-12-08 23:52:38'),(4,3,'2014-06-17 09:19:46'),(4,38,'2012-08-08 20:34:31'),(4,40,'2014-10-13 07:59:29'),(4,54,'2011-07-31 04:47:46'),(4,62,'2014-03-14 09:40:16'),(4,70,'2016-02-07 07:37:56'),(4,74,'2013-08-23 12:00:51'),(5,7,'2012-10-08 14:29:35'),(5,15,'2012-03-22 12:03:54'),(5,41,'2018-02-21 00:16:02'),(5,49,'2019-10-03 21:21:20'),(5,51,'2019-09-13 18:07:53'),(5,66,'2015-06-27 11:34:27'),(6,32,'2021-01-01 13:27:47'),(6,44,'2015-09-21 08:37:06'),(6,64,'2014-01-10 15:02:01'),(7,52,'2015-02-22 01:20:53'),(7,79,'2019-05-05 15:53:53'),(8,23,'2015-01-20 06:04:45'),(8,28,'2016-05-26 12:22:18'),(8,60,'2017-08-02 10:40:55'),(8,61,'2016-07-15 05:55:38'),(8,89,'2017-09-06 09:24:02'),(8,98,'2017-07-22 07:56:09'),(9,2,'2011-10-21 17:50:55'),(9,26,'2013-03-12 09:21:20'),(9,27,'2017-09-06 06:43:08'),(9,45,'2016-06-04 19:19:05'),(9,56,'2020-10-12 13:08:33'),(9,81,'2020-12-11 03:44:59'),(10,34,'2013-08-16 02:58:30'),(10,37,'2011-11-23 18:24:47'),(10,53,'2012-10-22 17:46:04'),(10,59,'2018-01-26 14:00:13'),(10,100,'2020-11-07 03:25:59'),(11,12,'2011-07-08 20:05:15'),(11,13,'2012-06-07 07:29:48'),(11,14,'2020-10-29 00:01:12'),(11,31,'2014-08-26 08:59:41'),(11,91,'2014-03-20 23:06:22'),(12,4,'2016-11-01 06:02:28'),(12,8,'2013-02-13 02:06:00'),(12,19,'2021-01-06 23:57:49'),(12,22,'2013-01-23 07:50:31'),(12,69,'2017-09-28 08:43:46'),(12,80,'2013-09-22 07:17:44'),(13,16,'2021-02-05 10:59:04'),(13,72,'2011-04-27 14:26:05'),(13,75,'2020-01-09 08:14:28'),(14,50,'2018-10-23 01:15:45'),(14,65,'2020-12-03 19:27:53'),(15,18,'2020-10-31 22:38:43'),(15,25,'2020-09-29 00:22:02'),(15,42,'2013-02-28 09:56:50'),(15,46,'2020-12-04 12:41:02'),(15,57,'2014-11-12 13:18:55'),(15,67,'2011-07-17 22:39:14'),(15,71,'2013-04-27 00:31:48'),(15,77,'2016-09-25 20:34:32'),(15,83,'2012-04-26 05:43:35'),(15,99,'2018-03-17 23:35:29'),(16,36,'2019-11-24 14:30:50'),(16,39,'2011-09-28 18:05:17'),(16,63,'2018-03-14 19:44:52'),(17,9,'2013-06-28 14:11:15'),(17,30,'2019-05-11 19:58:44'),(17,68,'2013-07-12 10:40:45'),(17,96,'2016-03-14 20:29:31'),(18,78,'2016-06-28 18:13:32'),(18,85,'2015-10-17 13:35:24'),(18,90,'2019-03-23 08:25:36'),(18,93,'2017-06-16 23:06:06'),(18,95,'2020-09-29 13:00:25'),(19,24,'2012-03-13 02:11:29'),(19,82,'2012-04-15 08:31:05'),(20,11,'2016-02-28 05:25:19'),(20,43,'2011-03-19 04:53:26'),(20,55,'2011-05-10 13:06:08'),(20,84,'2014-09-02 06:32:09'),(20,87,'2013-01-28 02:56:02');
/*!40000 ALTER TABLE `communities_users` ENABLE KEYS */;
UNLOCK TABLES;

--
-- Table structure for table `friendship`
--

DROP TABLE IF EXISTS `friendship`;
/*!40101 SET @saved_cs_client     = @@character_set_client */;
/*!50503 SET character_set_client = utf8mb4 */;
CREATE TABLE `friendship` (
  `user_id` int unsigned NOT NULL COMMENT 'Ссылка на инициатора дружеских отношений',
  `friend_id` int unsigned NOT NULL COMMENT 'Ссылка на получателя приглашения дружить',
  `friendship_status_id` int unsigned NOT NULL COMMENT 'Ссылка на статус (текущее состояние) отношений',
  `confirmed_at` datetime DEFAULT NULL COMMENT 'Время подтверждения приглашения',
  `created_at` datetime DEFAULT CURRENT_TIMESTAMP COMMENT 'Время создания строки',
  `updated_at` datetime DEFAULT CURRENT_TIMESTAMP ON UPDATE CURRENT_TIMESTAMP COMMENT 'Время обновления строки',
  PRIMARY KEY (`user_id`,`friend_id`) COMMENT 'Составной первичный ключ'
) ENGINE=InnoDB DEFAULT CHARSET=utf8mb4 COLLATE=utf8mb4_unicode_ci COMMENT='Таблица дружбы';
/*!40101 SET character_set_client = @saved_cs_client */;

--
-- Dumping data for table `friendship`
--

LOCK TABLES `friendship` WRITE;
/*!40000 ALTER TABLE `friendship` DISABLE KEYS */;
INSERT INTO `friendship` VALUES (1,9,2,'2014-04-05 10:23:39','2018-01-17 23:26:13','2021-02-14 18:18:02'),(2,3,1,'2018-11-30 17:21:29','2020-09-13 03:51:29','2021-02-14 18:18:02'),(3,44,1,'2019-06-18 18:38:41','2016-04-24 20:45:13','2021-02-14 18:18:02'),(4,71,3,'2019-08-27 04:29:21','2019-06-28 00:00:43','2021-02-14 18:18:02'),(5,42,3,'2018-06-07 05:26:10','2014-01-06 10:35:28','2021-02-14 16:16:18'),(6,31,3,'2018-01-15 18:53:58','2018-10-23 13:37:37','2021-02-14 16:16:18'),(7,28,2,'2016-06-01 20:13:42','2020-07-07 16:19:57','2021-02-14 16:16:18'),(8,23,3,'2021-01-06 15:57:40','2020-10-18 17:43:16','2021-02-14 18:18:02'),(9,90,2,'2011-08-26 00:21:43','2016-12-08 05:47:26','2021-02-14 18:18:02'),(10,77,1,'2019-12-17 17:17:36','2018-04-17 23:19:52','2021-02-14 18:18:02'),(11,91,2,'2014-11-24 13:03:11','2012-08-11 00:42:02','2021-02-14 18:18:02'),(12,55,3,'2017-02-18 07:07:05','2014-08-26 05:18:10','2021-02-14 18:18:02'),(13,43,3,'2012-01-26 06:01:29','2021-02-13 03:10:12','2021-02-14 18:18:02'),(14,38,3,'2017-11-22 13:48:07','2014-06-25 01:58:58','2021-02-14 18:18:02'),(15,76,2,'2016-05-28 09:27:54','2017-04-22 13:25:29','2021-02-14 18:18:02'),(16,46,2,'2018-03-28 20:02:21','2016-11-14 05:05:09','2021-02-14 18:18:02'),(17,70,2,'2013-06-07 22:14:48','2019-06-14 13:01:36','2021-02-14 16:16:18'),(18,2,3,'2018-07-04 14:09:43','2017-08-19 05:11:24','2021-02-14 18:18:02'),(19,4,2,'2011-03-13 07:52:02','2014-01-28 06:05:59','2021-02-14 16:16:18'),(20,26,2,'2018-12-16 03:01:21','2017-05-03 13:03:27','2021-02-14 16:16:18'),(21,68,2,'2019-08-25 07:25:57','2020-08-24 08:27:25','2021-02-14 18:18:02'),(22,27,2,'2011-05-02 02:13:53','2013-10-05 02:40:31','2021-02-14 18:18:02'),(23,51,3,'2019-11-16 03:04:10','2014-03-31 01:08:48','2021-02-14 18:18:02'),(24,54,1,'2019-08-07 06:56:58','2011-02-19 21:49:01','2021-02-14 18:18:02'),(25,84,2,'2014-06-08 11:29:08','2017-05-14 10:16:55','2021-02-14 18:18:02'),(26,41,2,'2011-07-12 00:06:07','2019-06-14 08:53:23','2021-02-14 18:18:02'),(27,69,3,'2014-09-13 15:53:20','2018-06-05 18:47:17','2021-02-14 18:18:02'),(28,83,2,'2011-05-21 22:12:27','2020-10-29 01:57:39','2021-02-14 18:18:02'),(29,72,1,'2018-06-08 13:45:11','2019-06-19 12:28:31','2021-02-14 18:18:02'),(30,21,3,'2020-10-13 04:33:45','2013-01-17 14:26:18','2021-02-14 16:16:18'),(31,18,3,'2018-12-07 04:43:56','2017-11-01 05:55:34','2021-02-14 18:18:02'),(32,37,2,'2012-05-01 22:58:44','2011-12-08 10:56:04','2021-02-14 18:18:02'),(33,75,1,'2016-11-26 22:48:21','2012-11-21 18:10:13','2021-02-14 18:18:02'),(34,14,3,'2019-03-24 10:27:27','2017-10-11 01:00:40','2021-02-14 18:18:02'),(35,62,3,'2012-03-07 02:55:53','2012-03-08 20:41:05','2021-02-14 18:18:02'),(36,87,1,'2014-07-25 12:34:05','2012-03-29 02:07:59','2021-02-14 18:18:02'),(37,73,3,'2012-05-17 07:48:34','2016-02-01 20:10:03','2021-02-14 18:18:02'),(38,16,1,'2016-01-23 06:26:47','2017-02-27 07:20:34','2021-02-14 18:18:02'),(39,85,1,'2014-12-16 22:36:15','2016-10-14 12:04:06','2021-02-14 18:18:02'),(40,67,1,'2015-10-01 18:11:03','2019-02-22 02:57:02','2021-02-14 16:16:18'),(41,64,2,'2020-07-21 14:06:28','2017-06-05 10:41:45','2021-02-14 18:18:02'),(42,45,3,'2020-03-26 20:23:38','2013-06-24 14:50:14','2021-02-14 18:18:02'),(43,30,2,'2011-03-18 17:09:27','2016-09-16 01:49:18','2021-02-14 16:16:18'),(44,78,3,'2020-01-28 19:18:56','2017-01-25 01:26:23','2021-02-14 18:18:02'),(45,97,2,'2020-02-08 07:30:12','2018-05-20 15:22:39','2021-02-14 18:18:02'),(46,79,1,'2020-08-02 19:54:45','2012-04-17 14:10:57','2021-02-14 16:16:18'),(47,86,2,'2012-08-30 07:52:55','2020-07-03 12:11:29','2021-02-14 18:18:02'),(48,74,3,'2019-06-25 04:11:38','2018-06-15 20:33:41','2021-02-14 18:18:02'),(49,89,3,'2016-08-29 03:25:17','2017-12-13 21:10:57','2021-02-14 16:16:18'),(50,56,2,'2016-01-26 20:48:42','2021-01-25 01:57:50','2021-02-14 16:16:18'),(51,12,2,'2014-06-04 19:54:17','2011-12-05 11:49:02','2021-02-14 16:16:18'),(52,6,1,'2011-06-08 19:21:45','2012-06-20 05:42:42','2021-02-14 16:16:18'),(53,25,2,'2018-03-19 06:24:36','2012-03-07 10:02:14','2021-02-14 18:18:02'),(54,58,3,'2012-10-29 04:16:36','2016-09-13 02:21:35','2021-02-14 18:18:02'),(55,80,1,'2021-01-20 09:07:36','2018-12-06 20:13:34','2021-02-14 18:18:02'),(56,50,2,'2020-10-10 16:35:43','2015-10-30 13:33:38','2021-02-14 18:18:02'),(57,34,2,'2018-03-16 13:48:29','2012-04-05 03:28:29','2021-02-14 18:18:02'),(58,24,2,'2020-10-13 13:52:05','2012-08-14 12:25:06','2021-02-14 16:16:18'),(59,63,1,'2013-04-12 07:07:11','2018-10-04 20:43:07','2021-02-14 18:18:02'),(60,60,3,'2011-12-25 11:22:45','2015-11-12 20:51:43','2021-02-14 18:18:02'),(61,10,3,'2013-09-30 20:21:59','2011-07-27 03:47:14','2021-02-14 18:18:02'),(62,29,3,'2020-04-14 15:04:49','2014-05-01 21:05:21','2021-02-14 18:18:02'),(63,36,2,'2017-02-15 14:17:20','2017-11-16 09:58:17','2021-02-14 18:18:02'),(64,98,3,'2013-09-24 20:01:00','2020-08-15 07:57:51','2021-02-14 18:18:02'),(65,93,2,'2016-10-13 07:51:57','2016-07-05 07:48:38','2021-02-14 18:18:02'),(66,39,2,'2012-05-20 22:53:02','2016-03-03 14:20:52','2021-02-14 18:18:02'),(67,8,2,'2017-08-17 14:45:00','2020-11-25 05:40:21','2021-02-14 18:18:02'),(68,47,2,'2017-05-01 23:08:33','2016-05-19 14:16:23','2021-02-14 18:18:02'),(69,11,3,'2013-08-23 14:12:10','2015-08-04 09:20:56','2021-02-14 18:18:02'),(70,13,2,'2019-01-20 00:39:22','2011-09-16 23:12:15','2021-02-14 18:18:02'),(71,82,2,'2014-10-31 04:04:11','2012-04-10 12:50:18','2021-02-14 18:18:02'),(72,32,2,'2014-06-19 20:02:26','2012-05-05 13:33:41','2021-02-14 16:16:18'),(73,61,3,'2014-06-07 17:40:04','2020-11-22 21:15:23','2021-02-14 16:16:18'),(74,33,3,'2019-12-12 11:25:50','2012-10-19 02:17:39','2021-02-14 16:16:18'),(75,96,2,'2014-05-07 02:43:52','2014-02-01 18:09:53','2021-02-14 18:18:02'),(76,100,3,'2020-02-09 14:36:17','2014-11-13 04:26:47','2021-02-14 18:18:02'),(77,19,1,'2020-07-01 17:26:37','2020-10-20 01:09:04','2021-02-14 18:18:02'),(78,88,2,'2017-12-17 23:29:37','2011-10-19 09:46:23','2021-02-14 18:18:02'),(79,66,1,'2016-09-10 11:18:59','2012-08-18 05:48:28','2021-02-14 18:18:02'),(80,57,3,'2018-04-23 11:41:20','2018-12-14 09:55:22','2021-02-14 18:18:02'),(81,81,2,'2020-09-25 06:58:11','2011-09-19 13:51:58','2021-02-14 18:18:02'),(82,94,3,'2020-06-13 17:23:58','2020-07-13 19:05:58','2021-02-14 18:18:02'),(83,22,1,'2011-04-21 14:45:55','2020-11-20 15:22:04','2021-02-14 18:18:02'),(84,49,1,'2013-02-04 23:12:54','2017-03-27 05:23:54','2021-02-14 16:16:18'),(85,5,1,'2020-07-01 05:12:13','2012-03-22 16:05:33','2021-02-14 16:16:18'),(86,95,1,'2020-10-10 04:32:22','2016-06-29 10:02:53','2021-02-14 16:16:18'),(87,92,2,'2014-04-12 17:01:41','2014-02-22 12:11:49','2021-02-14 18:18:02'),(88,48,2,'2014-02-24 10:04:43','2013-04-18 09:37:47','2021-02-14 18:18:02'),(89,53,1,'2018-01-22 00:20:31','2013-11-01 05:30:50','2021-02-14 18:18:02'),(90,7,1,'2016-05-22 09:50:01','2013-12-30 10:03:08','2021-02-14 18:18:02'),(91,99,2,'2014-07-25 08:39:34','2018-09-25 05:22:37','2021-02-14 18:18:02'),(92,20,2,'2017-11-08 21:33:55','2011-12-08 23:35:38','2021-02-14 18:18:02'),(93,1,1,'2017-12-11 21:22:52','2017-03-16 19:00:33','2021-02-14 18:18:02'),(94,40,1,'2019-06-26 15:26:42','2020-11-11 02:55:15','2021-02-14 16:16:18'),(95,65,2,'2020-09-26 23:12:53','2017-04-15 05:36:09','2021-02-14 18:18:02'),(96,35,2,'2017-12-21 20:59:39','2015-04-22 09:20:05','2021-02-14 18:18:02'),(97,15,1,'2021-01-23 10:23:19','2018-01-18 22:05:11','2021-02-14 18:18:02'),(98,52,3,'2013-01-27 13:59:49','2016-04-23 09:49:24','2021-02-14 18:18:02'),(99,17,2,'2020-09-20 03:54:16','2019-10-13 21:35:57','2021-02-14 18:18:02'),(100,59,2,'2012-03-30 11:11:05','2014-04-07 01:49:06','2021-02-14 18:18:02');
/*!40000 ALTER TABLE `friendship` ENABLE KEYS */;
UNLOCK TABLES;

--
-- Table structure for table `friendship_statuses`
--

DROP TABLE IF EXISTS `friendship_statuses`;
/*!40101 SET @saved_cs_client     = @@character_set_client */;
/*!50503 SET character_set_client = utf8mb4 */;
CREATE TABLE `friendship_statuses` (
  `id` int unsigned NOT NULL AUTO_INCREMENT COMMENT 'Идентификатор строки',
  `name` varchar(150) CHARACTER SET utf8mb4 COLLATE utf8mb4_unicode_ci NOT NULL COMMENT 'Название статуса',
  `created_at` datetime DEFAULT CURRENT_TIMESTAMP COMMENT 'Время создания строки',
  `updated_at` datetime DEFAULT CURRENT_TIMESTAMP ON UPDATE CURRENT_TIMESTAMP COMMENT 'Время обновления строки',
  PRIMARY KEY (`id`),
  UNIQUE KEY `name` (`name`)
) ENGINE=InnoDB AUTO_INCREMENT=4 DEFAULT CHARSET=utf8mb4 COLLATE=utf8mb4_unicode_ci COMMENT='Статусы дружбы';
/*!40101 SET character_set_client = @saved_cs_client */;

--
-- Dumping data for table `friendship_statuses`
--

LOCK TABLES `friendship_statuses` WRITE;
/*!40000 ALTER TABLE `friendship_statuses` DISABLE KEYS */;
INSERT INTO `friendship_statuses` VALUES (1,'Requested','2021-02-14 18:17:56','2021-02-14 18:17:56'),(2,'Confirmed','2021-02-14 18:17:56','2021-02-14 18:17:56'),(3,'Rejected','2021-02-14 18:17:56','2021-02-14 18:17:56');
/*!40000 ALTER TABLE `friendship_statuses` ENABLE KEYS */;
UNLOCK TABLES;

--
-- Table structure for table `media`
--

DROP TABLE IF EXISTS `media`;
/*!40101 SET @saved_cs_client     = @@character_set_client */;
/*!50503 SET character_set_client = utf8mb4 */;
CREATE TABLE `media` (
  `id` int unsigned NOT NULL AUTO_INCREMENT COMMENT 'Идентификатор строки',
  `user_id` int unsigned NOT NULL COMMENT 'Ссылка на пользователя, который загрузил файл',
  `filename` varchar(255) CHARACTER SET utf8mb4 COLLATE utf8mb4_unicode_ci NOT NULL COMMENT 'Путь к файлу, ссылка на файл',
  `size` int NOT NULL COMMENT 'Размер файла',
  `metadata` longtext CHARACTER SET utf8mb4 COLLATE utf8mb4_bin COMMENT 'Метаданные файла',
  `media_type_id` int unsigned NOT NULL COMMENT 'Ссылка на тип контента',
  `created_at` datetime DEFAULT CURRENT_TIMESTAMP COMMENT 'Время создания строки',
  `updated_at` datetime DEFAULT CURRENT_TIMESTAMP ON UPDATE CURRENT_TIMESTAMP COMMENT 'Время обновления строки',
  PRIMARY KEY (`id`),
  CONSTRAINT `media_chk_1` CHECK (json_valid(`metadata`))
) ENGINE=InnoDB AUTO_INCREMENT=101 DEFAULT CHARSET=utf8mb4 COLLATE=utf8mb4_unicode_ci COMMENT='Медиафайлы';
/*!40101 SET character_set_client = @saved_cs_client */;

--
-- Dumping data for table `media`
--

LOCK TABLES `media` WRITE;
/*!40000 ALTER TABLE `media` DISABLE KEYS */;
INSERT INTO `media` VALUES (1,54,'https://dropbox.com/vk/id.png',1373282,'{\"owner\":\"Ansley Gislason\"}',3,'2019-01-05 13:32:35','2021-02-14 16:08:25'),(2,22,'https://dropbox.com/vk/quo.avi',19422466,'{\"owner\":\"Janae Schneider\"}',1,'2014-11-14 13:53:08','2021-02-14 16:08:25'),(3,46,'https://dropbox.com/vk/animi.mpeg4',345255514,'{\"owner\":\"Renee Tromp\"}',3,'2018-10-03 18:57:05','2021-02-14 15:47:37'),(4,66,'https://dropbox.com/vk/ut.avi',12942259,'{\"owner\":\"Jaron Hyatt\"}',2,'2016-12-07 03:37:45','2021-02-14 16:08:25'),(5,91,'https://dropbox.com/vk/nulla.mpeg4',1946297,'{\"owner\":\"Kiara Pouros\"}',2,'2019-04-21 09:07:20','2021-02-14 16:08:25'),(6,58,'https://dropbox.com/vk/ratione.mpeg4',35944,'{\"owner\":\"Candido Boyer\"}',2,'2019-05-09 08:01:09','2021-02-14 16:08:25'),(7,16,'https://dropbox.com/vk/alias.png',6049876,'{\"owner\":\"Curt Rempel\"}',1,'2016-09-20 08:43:16','2021-02-14 16:08:25'),(8,4,'https://dropbox.com/vk/aspernatur.avi',263978612,'{\"owner\":\"Wilton Mosciski\"}',3,'2020-02-17 05:55:50','2021-02-14 16:08:25'),(9,72,'https://dropbox.com/vk/non.mp3',363064199,'{\"owner\":\"Nichole Green\"}',3,'2013-08-12 05:02:01','2021-02-14 16:08:25'),(10,46,'https://dropbox.com/vk/eum.png',59869,'{\"owner\":\"Renee Tromp\"}',2,'2011-12-06 11:42:43','2021-02-14 16:08:25'),(11,14,'https://dropbox.com/vk/maiores.mp3',131549,'{\"owner\":\"Theresa Gislason\"}',3,'2013-11-07 17:25:26','2021-02-14 16:08:25'),(12,34,'https://dropbox.com/vk/doloribus.avi',332790,'{\"owner\":\"Erwin Nader\"}',2,'2014-05-03 03:55:42','2021-02-14 16:08:25'),(13,25,'https://dropbox.com/vk/soluta.mpeg4',69716281,'{\"owner\":\"Naomie Conroy\"}',3,'2018-11-09 07:06:07','2021-02-14 16:08:25'),(14,24,'https://dropbox.com/vk/expedita.mp3',988315,'{\"owner\":\"Dwight Kirlin\"}',3,'2015-09-15 23:16:54','2021-02-14 16:08:25'),(15,43,'https://dropbox.com/vk/sunt.mpeg4',351736122,'{\"owner\":\"Chanelle Block\"}',2,'2012-02-03 02:24:47','2021-02-14 16:08:25'),(16,43,'https://dropbox.com/vk/ut.avi',341691,'{\"owner\":\"Chanelle Block\"}',3,'2019-09-01 01:57:13','2021-02-14 16:08:25'),(17,86,'https://dropbox.com/vk/assumenda.mpeg4',35480682,'{\"owner\":\"Mabelle Berge\"}',3,'2016-01-26 02:51:46','2021-02-14 16:08:25'),(18,99,'https://dropbox.com/vk/blanditiis.avi',2498118,'{\"owner\":\"Arnaldo Block\"}',3,'2013-08-13 04:27:46','2021-02-14 16:08:25'),(19,36,'https://dropbox.com/vk/doloribus.mpeg4',40066,'{\"owner\":\"Jadon Sporer\"}',1,'2013-07-14 04:30:27','2021-02-14 16:08:25'),(20,83,'https://dropbox.com/vk/reiciendis.mp3',7567738,'{\"owner\":\"Darien White\"}',2,'2012-06-15 02:47:16','2021-02-14 16:08:25'),(21,8,'https://dropbox.com/vk/corrupti.avi',2188890,'{\"owner\":\"Ocie Sporer\"}',2,'2013-05-26 03:22:58','2021-02-14 16:08:25'),(22,90,'https://dropbox.com/vk/illo.mp3',86940,'{\"owner\":\"Toy Pagac\"}',1,'2017-12-30 18:16:20','2021-02-14 16:08:25'),(23,26,'https://dropbox.com/vk/veniam.mp3',828122894,'{\"owner\":\"Ebony Kutch\"}',1,'2018-06-29 16:09:53','2021-02-14 16:08:25'),(24,59,'https://dropbox.com/vk/repudiandae.png',2085943,'{\"owner\":\"Caden Mayer\"}',1,'2017-06-28 21:51:20','2021-02-14 16:08:25'),(25,18,'https://dropbox.com/vk/ut.mp3',91385231,'{\"owner\":\"Abagail Kohler\"}',3,'2019-03-13 15:29:33','2021-02-14 16:08:25'),(26,11,'https://dropbox.com/vk/blanditiis.mp3',8024721,'{\"owner\":\"Dawson Kiehn\"}',3,'2017-01-07 09:38:02','2021-02-14 16:08:25'),(27,1,'https://dropbox.com/vk/temporibus.mp3',79620688,'{\"owner\":\"Sibyl Kozey\"}',2,'2020-05-19 10:16:10','2021-02-14 16:08:25'),(28,73,'https://dropbox.com/vk/ducimus.mpeg4',2925362,'{\"owner\":\"Steve Borer\"}',3,'2011-03-06 11:40:21','2021-02-14 16:08:25'),(29,60,'https://dropbox.com/vk/ex.avi',8358981,'{\"owner\":\"Victor Keeling\"}',1,'2016-05-18 21:56:16','2021-02-14 16:08:25'),(30,83,'https://dropbox.com/vk/distinctio.avi',3008818,'{\"owner\":\"Darien White\"}',3,'2019-03-16 07:32:20','2021-02-14 16:08:25'),(31,32,'https://dropbox.com/vk/eveniet.mp3',113002188,'{\"owner\":\"Jules Smitham\"}',1,'2020-04-04 13:41:12','2021-02-14 16:08:25'),(32,13,'https://dropbox.com/vk/ut.png',9957151,'{\"owner\":\"Alexie Bernhard\"}',1,'2014-07-27 23:04:07','2021-02-14 16:08:25'),(33,68,'https://dropbox.com/vk/repudiandae.avi',749303,'{\"owner\":\"Darrin Rice\"}',2,'2016-05-22 04:58:12','2021-02-14 16:08:25'),(34,100,'https://dropbox.com/vk/blanditiis.png',3865061,'{\"owner\":\"Josefa Mayer\"}',3,'2018-10-20 19:46:20','2021-02-14 16:08:25'),(35,94,'https://dropbox.com/vk/culpa.mpeg4',278923783,'{\"owner\":\"Neal Ritchie\"}',2,'2012-06-23 20:07:51','2021-02-14 16:08:25'),(36,70,'https://dropbox.com/vk/qui.mpeg4',37918,'{\"owner\":\"Ida Purdy\"}',2,'2017-07-08 18:06:32','2021-02-14 16:08:25'),(37,68,'https://dropbox.com/vk/mollitia.avi',7067396,'{\"owner\":\"Darrin Rice\"}',1,'2013-12-11 03:12:45','2021-02-14 16:08:25'),(38,29,'https://dropbox.com/vk/nulla.avi',3731797,'{\"owner\":\"Kristofer Douglas\"}',3,'2017-05-18 00:54:14','2021-02-14 16:08:25'),(39,41,'https://dropbox.com/vk/consequatur.avi',36565,'{\"owner\":\"Favian Nolan\"}',2,'2018-08-18 07:17:21','2021-02-14 16:08:25'),(40,17,'https://dropbox.com/vk/velit.avi',7446801,'{\"owner\":\"Merl Johnston\"}',1,'2013-08-21 03:51:26','2021-02-14 16:08:25'),(41,61,'https://dropbox.com/vk/amet.mpeg4',6028612,'{\"owner\":\"Lorenzo Schinner\"}',2,'2013-09-14 04:10:34','2021-02-14 16:08:25'),(42,56,'https://dropbox.com/vk/omnis.mpeg4',9145313,'{\"owner\":\"Lauren Daugherty\"}',3,'2014-08-04 15:21:07','2021-02-14 16:08:25'),(43,95,'https://dropbox.com/vk/et.mp3',7792658,'{\"owner\":\"Richie Conn\"}',3,'2014-02-09 17:27:33','2021-02-14 16:08:25'),(44,8,'https://dropbox.com/vk/doloribus.png',867457,'{\"owner\":\"Ocie Sporer\"}',3,'2020-06-22 01:58:42','2021-02-14 16:08:25'),(45,53,'https://dropbox.com/vk/et.mp3',45614025,'{\"owner\":\"Howard Padberg\"}',1,'2012-11-29 15:52:40','2021-02-14 16:08:25'),(46,39,'https://dropbox.com/vk/quia.mp3',949309,'{\"owner\":\"Weston Metz\"}',1,'2016-03-28 00:52:48','2021-02-14 16:08:25'),(47,36,'https://dropbox.com/vk/voluptas.avi',14542186,'{\"owner\":\"Jadon Sporer\"}',1,'2015-08-27 03:58:26','2021-02-14 16:08:25'),(48,63,'https://dropbox.com/vk/perspiciatis.avi',2134174,'{\"owner\":\"Cecile Ernser\"}',3,'2018-11-22 21:39:00','2021-02-14 16:08:25'),(49,7,'https://dropbox.com/vk/odio.mpeg4',7812946,'{\"owner\":\"Elta Huel\"}',2,'2012-01-05 19:20:39','2021-02-14 16:08:25'),(50,47,'https://dropbox.com/vk/reprehenderit.avi',2652208,'{\"owner\":\"Willis Mann\"}',3,'2017-09-17 18:24:06','2021-02-14 16:08:25'),(51,12,'https://dropbox.com/vk/provident.avi',9812201,'{\"owner\":\"Larue Crist\"}',3,'2014-02-26 10:08:16','2021-02-14 16:08:25'),(52,18,'https://dropbox.com/vk/totam.avi',89000967,'{\"owner\":\"Abagail Kohler\"}',2,'2021-01-09 12:07:28','2021-02-14 16:08:25'),(53,53,'https://dropbox.com/vk/et.mp3',1094383,'{\"owner\":\"Howard Padberg\"}',1,'2019-08-22 11:55:59','2021-02-14 16:08:25'),(54,12,'https://dropbox.com/vk/deserunt.avi',6025314,'{\"owner\":\"Larue Crist\"}',1,'2019-09-22 06:16:49','2021-02-14 16:08:25'),(55,98,'https://dropbox.com/vk/aliquid.avi',6833419,'{\"owner\":\"Leo Koch\"}',1,'2013-09-18 15:06:58','2021-02-14 16:08:25'),(56,54,'https://dropbox.com/vk/voluptas.avi',17244,'{\"owner\":\"Ansley Gislason\"}',2,'2020-08-01 12:03:44','2021-02-14 16:08:25'),(57,77,'https://dropbox.com/vk/voluptatem.avi',60426,'{\"owner\":\"Howard Witting\"}',3,'2017-03-21 07:33:40','2021-02-14 16:08:25'),(58,24,'https://dropbox.com/vk/error.mpeg4',6081156,'{\"owner\":\"Dwight Kirlin\"}',1,'2013-04-28 08:48:13','2021-02-14 16:08:25'),(59,86,'https://dropbox.com/vk/et.png',191806704,'{\"owner\":\"Mabelle Berge\"}',3,'2018-02-24 02:53:34','2021-02-14 16:08:25'),(60,58,'https://dropbox.com/vk/rerum.mpeg4',464409,'{\"owner\":\"Candido Boyer\"}',3,'2020-11-01 01:50:10','2021-02-14 16:08:25'),(61,33,'https://dropbox.com/vk/in.mp3',9895522,'{\"owner\":\"Jovani Rohan\"}',1,'2019-11-28 20:00:50','2021-02-14 16:08:25'),(62,89,'https://dropbox.com/vk/officia.mpeg4',958089945,'{\"owner\":\"Elenor Friesen\"}',3,'2018-04-01 19:07:50','2021-02-14 16:08:25'),(63,45,'https://dropbox.com/vk/reiciendis.mpeg4',596512,'{\"owner\":\"Kelley Keebler\"}',2,'2012-01-26 22:48:45','2021-02-14 16:08:25'),(64,59,'https://dropbox.com/vk/maxime.mpeg4',1224144,'{\"owner\":\"Caden Mayer\"}',3,'2016-11-15 19:30:33','2021-02-14 16:08:25'),(65,58,'https://dropbox.com/vk/est.png',6424154,'{\"owner\":\"Candido Boyer\"}',1,'2013-06-16 03:32:51','2021-02-14 16:08:25'),(66,11,'https://dropbox.com/vk/doloremque.png',8438340,'{\"owner\":\"Dawson Kiehn\"}',1,'2016-05-03 02:55:36','2021-02-14 16:08:25'),(67,82,'https://dropbox.com/vk/sint.avi',2909238,'{\"owner\":\"Ronaldo Kunze\"}',1,'2015-10-16 09:46:01','2021-02-14 16:08:25'),(68,78,'https://dropbox.com/vk/incidunt.avi',9221171,'{\"owner\":\"Eliane Stanton\"}',3,'2018-01-25 06:52:30','2021-02-14 16:08:25'),(69,41,'https://dropbox.com/vk/vel.mpeg4',7368141,'{\"owner\":\"Favian Nolan\"}',2,'2014-12-01 23:24:54','2021-02-14 16:08:25'),(70,71,'https://dropbox.com/vk/officiis.avi',2823375,'{\"owner\":\"Constance Predovic\"}',2,'2013-03-16 00:33:33','2021-02-14 16:08:25'),(71,33,'https://dropbox.com/vk/laudantium.avi',28817,'{\"owner\":\"Jovani Rohan\"}',2,'2018-01-14 11:42:30','2021-02-14 16:08:25'),(72,51,'https://dropbox.com/vk/sint.mp3',76559,'{\"owner\":\"Lemuel Upton\"}',3,'2017-10-09 05:35:15','2021-02-14 16:08:25'),(73,56,'https://dropbox.com/vk/corporis.mpeg4',333930091,'{\"owner\":\"Lauren Daugherty\"}',2,'2020-12-11 13:47:46','2021-02-14 16:08:25'),(74,25,'https://dropbox.com/vk/consequatur.avi',51377,'{\"owner\":\"Naomie Conroy\"}',3,'2020-07-14 09:19:48','2021-02-14 16:08:25'),(75,57,'https://dropbox.com/vk/corrupti.png',95477,'{\"owner\":\"Nora Kirlin\"}',2,'2018-04-03 02:43:51','2021-02-14 16:08:25'),(76,11,'https://dropbox.com/vk/delectus.avi',9167191,'{\"owner\":\"Dawson Kiehn\"}',2,'2014-10-21 01:56:28','2021-02-14 16:08:25'),(77,81,'https://dropbox.com/vk/sint.mpeg4',3721536,'{\"owner\":\"Sandy Stehr\"}',3,'2017-03-16 08:04:04','2021-02-14 16:08:25'),(78,71,'https://dropbox.com/vk/reiciendis.png',5234054,'{\"owner\":\"Constance Predovic\"}',1,'2017-09-17 06:46:20','2021-02-14 16:08:25'),(79,12,'https://dropbox.com/vk/nihil.png',1096106,'{\"owner\":\"Larue Crist\"}',2,'2013-10-16 14:06:22','2021-02-14 16:08:25'),(80,49,'https://dropbox.com/vk/accusamus.mp3',4305924,'{\"owner\":\"Jared Leannon\"}',1,'2020-10-13 15:30:24','2021-02-14 16:08:25'),(81,6,'https://dropbox.com/vk/labore.mpeg4',7726475,'{\"owner\":\"Tomas Schumm\"}',3,'2018-01-25 21:24:53','2021-02-14 16:08:25'),(82,81,'https://dropbox.com/vk/fugit.png',70955,'{\"owner\":\"Sandy Stehr\"}',3,'2016-04-17 19:20:17','2021-02-14 16:08:25'),(83,89,'https://dropbox.com/vk/molestias.avi',851263681,'{\"owner\":\"Elenor Friesen\"}',3,'2012-02-12 09:44:05','2021-02-14 16:08:25'),(84,3,'https://dropbox.com/vk/deleniti.avi',36241,'{\"owner\":\"Elody Kuvalis\"}',2,'2018-03-14 09:17:30','2021-02-14 16:08:25'),(85,44,'https://dropbox.com/vk/voluptatem.mpeg4',5835974,'{\"owner\":\"Libby Simonis\"}',3,'2019-09-22 22:36:42','2021-02-14 16:08:25'),(86,13,'https://dropbox.com/vk/asperiores.mpeg4',8231303,'{\"owner\":\"Alexie Bernhard\"}',1,'2015-10-25 06:37:22','2021-02-14 16:08:25'),(87,32,'https://dropbox.com/vk/ea.avi',601520,'{\"owner\":\"Jules Smitham\"}',1,'2018-12-27 17:43:40','2021-02-14 16:08:25'),(88,20,'https://dropbox.com/vk/ullam.mpeg4',629821,'{\"owner\":\"Loy Keebler\"}',1,'2015-08-27 19:12:42','2021-02-14 16:08:25'),(89,2,'https://dropbox.com/vk/ab.png',28105,'{\"owner\":\"Juanita Jacobi\"}',3,'2018-02-17 19:37:15','2021-02-14 16:08:25'),(90,52,'https://dropbox.com/vk/atque.png',7910436,'{\"owner\":\"Emilia Wisoky\"}',1,'2018-07-09 23:53:26','2021-02-14 16:08:25'),(91,53,'https://dropbox.com/vk/tempora.mp3',8228745,'{\"owner\":\"Howard Padberg\"}',3,'2012-01-10 18:13:09','2021-02-14 16:08:25'),(92,10,'https://dropbox.com/vk/sed.mpeg4',657805,'{\"owner\":\"Yvonne Schaefer\"}',1,'2011-09-04 14:03:36','2021-02-14 16:08:25'),(93,89,'https://dropbox.com/vk/voluptatem.mpeg4',6439817,'{\"owner\":\"Elenor Friesen\"}',2,'2012-12-23 13:22:55','2021-02-14 16:08:25'),(94,14,'https://dropbox.com/vk/laboriosam.avi',573883,'{\"owner\":\"Theresa Gislason\"}',1,'2018-09-17 19:32:16','2021-02-14 16:08:25'),(95,1,'https://dropbox.com/vk/magni.png',149770,'{\"owner\":\"Sibyl Kozey\"}',3,'2015-08-28 10:50:57','2021-02-14 16:08:25'),(96,66,'https://dropbox.com/vk/corporis.mp3',7502851,'{\"owner\":\"Jaron Hyatt\"}',3,'2020-03-20 13:34:03','2021-02-14 16:08:25'),(97,23,'https://dropbox.com/vk/ut.png',1214170,'{\"owner\":\"Caroline Wiza\"}',3,'2018-06-06 00:48:58','2021-02-14 16:08:25'),(98,19,'https://dropbox.com/vk/repudiandae.mpeg4',7207856,'{\"owner\":\"Marjolaine Reynolds\"}',1,'2019-04-28 06:02:23','2021-02-14 16:08:25'),(99,27,'https://dropbox.com/vk/itaque.mpeg4',8184806,'{\"owner\":\"Maverick Smitham\"}',1,'2011-03-29 13:04:22','2021-02-14 16:08:25'),(100,74,'https://dropbox.com/vk/repellat.png',8405475,'{\"owner\":\"Isaiah Harber\"}',1,'2017-10-11 00:46:23','2021-02-14 16:08:25');
/*!40000 ALTER TABLE `media` ENABLE KEYS */;
UNLOCK TABLES;

--
-- Table structure for table `media_types`
--

DROP TABLE IF EXISTS `media_types`;
/*!40101 SET @saved_cs_client     = @@character_set_client */;
/*!50503 SET character_set_client = utf8mb4 */;
CREATE TABLE `media_types` (
  `id` int unsigned NOT NULL AUTO_INCREMENT COMMENT 'Идентификатор строки',
  `name` varchar(255) CHARACTER SET utf8mb4 COLLATE utf8mb4_unicode_ci NOT NULL COMMENT 'Название типа',
  `created_at` datetime DEFAULT CURRENT_TIMESTAMP COMMENT 'Время создания строки',
  `updated_at` datetime DEFAULT CURRENT_TIMESTAMP ON UPDATE CURRENT_TIMESTAMP COMMENT 'Время обновления строки',
  PRIMARY KEY (`id`),
  UNIQUE KEY `name` (`name`)
) ENGINE=InnoDB AUTO_INCREMENT=4 DEFAULT CHARSET=utf8mb4 COLLATE=utf8mb4_unicode_ci COMMENT='Типы медиафайлов';
/*!40101 SET character_set_client = @saved_cs_client */;

--
-- Dumping data for table `media_types`
--

LOCK TABLES `media_types` WRITE;
/*!40000 ALTER TABLE `media_types` DISABLE KEYS */;
INSERT INTO `media_types` VALUES (1,'audio','2021-02-14 16:04:47','2021-02-14 16:04:47'),(2,'video','2021-02-14 16:04:47','2021-02-14 16:04:47'),(3,'image','2021-02-14 16:04:47','2021-02-14 16:04:47');
/*!40000 ALTER TABLE `media_types` ENABLE KEYS */;
UNLOCK TABLES;

--
-- Table structure for table `messages`
--

DROP TABLE IF EXISTS `messages`;
/*!40101 SET @saved_cs_client     = @@character_set_client */;
/*!50503 SET character_set_client = utf8mb4 */;
CREATE TABLE `messages` (
  `id` int unsigned NOT NULL AUTO_INCREMENT COMMENT 'Идентификатор строки',
  `from_user_id` int unsigned NOT NULL COMMENT 'Ссылка на отправителя сообщения',
  `to_user_id` int unsigned NOT NULL COMMENT 'Ссылка на получателя сообщения',
  `body` text CHARACTER SET utf8mb4 COLLATE utf8mb4_unicode_ci NOT NULL COMMENT 'Текст сообщения',
  `is_important` tinyint(1) DEFAULT NULL COMMENT 'Признак важности',
  `is_delivered` tinyint(1) DEFAULT NULL COMMENT 'Признак доставки',
  `created_at` datetime DEFAULT CURRENT_TIMESTAMP COMMENT 'Время создания строки',
  PRIMARY KEY (`id`)
) ENGINE=InnoDB AUTO_INCREMENT=101 DEFAULT CHARSET=utf8mb4 COLLATE=utf8mb4_unicode_ci COMMENT='Сообщения';
/*!40101 SET character_set_client = @saved_cs_client */;

--
-- Dumping data for table `messages`
--

LOCK TABLES `messages` WRITE;
/*!40000 ALTER TABLE `messages` DISABLE KEYS */;
INSERT INTO `messages` VALUES (1,81,14,'Ut illum eaque laborum omnis assumenda odio. Laboriosam dolores in accusantium qui.',0,0,'2015-05-05 01:46:03'),(2,26,87,'Unde labore nulla corporis dolores distinctio. Explicabo molestiae occaecati dolorem. Autem sed sit architecto tenetur optio omnis minus. Autem molestiae consequatur aut natus.',1,1,'2014-11-15 22:04:57'),(3,56,21,'Porro ut ea similique id esse repudiandae. Ea eius rem eum molestiae saepe voluptas. Consequatur autem sit aut recusandae.',0,0,'2019-06-28 00:41:41'),(4,35,14,'Ipsum dolor quia et est et voluptatem. Quibusdam repellat voluptas autem quisquam eum doloribus commodi quia.',0,1,'2017-09-19 19:36:20'),(5,61,66,'Modi rerum debitis minima dolorum aliquid non deserunt quibusdam. Architecto et repudiandae itaque ad qui natus est neque.',1,1,'2015-05-03 21:47:42'),(6,43,18,'Ut quia dolorum dolorem minus doloremque commodi officia commodi. Delectus sed fuga eveniet quis hic quia. Magnam facere fugit eum doloribus. Aut aut nihil dolor excepturi quae quidem maiores.',0,1,'2013-01-25 01:51:21'),(7,58,39,'Vitae amet temporibus consequuntur provident dolores. Ipsa assumenda velit et dolores cupiditate quis. Vel quos explicabo aut et numquam. Architecto vel ea aut praesentium.',0,1,'2020-02-12 06:17:51'),(8,17,71,'Deserunt animi aut distinctio quam ex similique. Deserunt deserunt unde quo aut maiores nihil. Non veritatis autem et. Quae ut excepturi error rerum delectus voluptatibus a.',0,1,'2017-12-03 01:33:14'),(9,1,94,'Sed incidunt et corrupti laborum magnam. Sunt repellat accusantium facere provident qui. Inventore perspiciatis cum possimus ipsa quo dolores. Ipsa repellendus nesciunt voluptate non voluptas accusantium animi. Et impedit sed alias enim tenetur sit nostrum.',1,0,'2016-12-09 12:24:20'),(10,66,47,'Ad a facilis iure et eos voluptas doloribus aliquam. Beatae itaque nemo sed amet officia porro. Sapiente ullam itaque dolor temporibus.',0,1,'2012-11-07 22:23:40'),(11,35,35,'Magnam occaecati eos eveniet illo voluptatem nemo excepturi. Odit beatae repellendus modi rem impedit unde. Quo aut et et. Ut itaque dolorem corrupti alias quis et.',1,1,'2020-04-11 20:29:16'),(12,68,36,'Voluptatum ut dolorem repudiandae quasi. Consequatur corporis nihil distinctio corporis. Voluptatibus sapiente laborum illo sed nemo illum architecto. Velit et consequuntur aut est qui magnam dolores.',1,1,'2020-10-16 14:48:46'),(13,74,62,'Rerum officiis doloribus atque placeat est ut tempora. Fugit est qui quae autem. Ea enim illo dolores facere. Fugit nesciunt vel veniam illum et.',1,0,'2011-12-21 21:24:12'),(14,86,46,'Voluptas debitis assumenda quia sed. Veniam reiciendis doloremque quae harum voluptas architecto laboriosam. Architecto a impedit quia asperiores esse eaque.',0,0,'2019-05-18 19:59:55'),(15,69,8,'Est repellendus quasi nam impedit. Ut fuga dolore iusto praesentium est asperiores. Ad vero perferendis repellat nesciunt dignissimos hic ea vel.',0,1,'2016-04-20 12:48:21'),(16,33,38,'Ullam magnam nihil error. Beatae ut odio et itaque rerum quibusdam eum laboriosam. Et quis maiores enim eaque eligendi. Et dolorem assumenda nobis pariatur sit.',1,1,'2017-03-09 01:43:43'),(17,92,47,'Et tempore provident repellat unde est natus. Similique nesciunt quas qui qui sint. Illum nihil atque dolor.',0,0,'2011-05-19 15:12:45'),(18,56,38,'Quis vero consequatur sequi. Modi quisquam qui et enim accusamus. Quia voluptatem nobis aut aperiam ut.',1,1,'2012-06-29 16:10:37'),(19,22,95,'Itaque est libero enim. Porro sunt rem labore voluptatem corrupti. Nostrum saepe ut debitis optio.',1,1,'2013-01-04 18:57:48'),(20,10,66,'Et labore sed suscipit quibusdam aliquam. Vitae enim aut et molestiae impedit sunt voluptas exercitationem. Eos sunt voluptas recusandae aut earum quia deserunt. Eum eum odio omnis qui accusamus corporis.',1,1,'2012-05-12 10:26:21'),(21,97,87,'Ut dolores at minima consequatur maiores fugit architecto aut. Soluta sunt odio qui maxime et.',1,1,'2016-01-15 07:22:41'),(22,46,65,'Laborum voluptatem dolorem sapiente fuga qui. Consequatur harum incidunt enim eius vel. Laborum et aperiam perferendis quia.',0,1,'2015-11-18 16:39:51'),(23,90,52,'Quia nihil temporibus in aspernatur. Amet odio expedita numquam laborum architecto. Excepturi et dolore rerum aliquid. Molestiae pariatur tenetur ullam.',1,1,'2018-08-03 12:58:23'),(24,92,3,'Facilis qui et similique ut sed laudantium. Ut sapiente earum voluptatem. Pariatur quia a quis suscipit doloremque.',1,1,'2016-09-22 07:25:42'),(25,37,77,'Omnis saepe sit velit quaerat est voluptate. Autem facere dolorem aspernatur quia a. Ex explicabo modi a animi libero architecto. Recusandae et explicabo corporis maxime reprehenderit sint.',0,1,'2020-03-02 16:05:33'),(26,71,24,'Dolores aut sapiente et velit a. In culpa provident maxime dolore explicabo dignissimos non. Est at et neque omnis debitis.',0,0,'2020-02-05 16:20:24'),(27,6,60,'Modi nemo veniam nam omnis ipsam inventore. Qui eligendi et id atque nemo. Quia eum dolorem dolorem modi omnis. Et voluptatem nihil perspiciatis error. Eos et est maiores ut provident dolorem.',1,0,'2018-03-24 17:01:45'),(28,82,27,'Recusandae et culpa ut in odio. Totam maxime ut excepturi quisquam saepe quia. Facere est voluptatem odit qui dicta maiores.',1,1,'2011-04-01 20:15:08'),(29,88,60,'Itaque ab aliquam omnis odit voluptas voluptatum. Libero consequatur error temporibus molestiae. Neque et animi a qui vitae. Autem recusandae autem corrupti ut expedita.',0,0,'2014-04-03 09:59:27'),(30,34,91,'Recusandae veniam temporibus est eveniet debitis hic soluta. Totam officiis distinctio sed blanditiis ipsam. In beatae ratione cum earum consequuntur exercitationem molestiae laudantium. Exercitationem hic laudantium facilis reprehenderit et.',1,1,'2019-06-24 05:16:50'),(31,50,79,'Quis aut labore illum debitis quia voluptates dolorem. Id sit nulla molestiae hic optio aut. Omnis exercitationem veniam atque.',0,1,'2017-02-25 05:45:31'),(32,43,76,'Quia quibusdam eligendi unde consectetur. Unde aut aliquam in occaecati. Et excepturi eaque sint praesentium iste.',0,1,'2015-10-12 08:45:24'),(33,54,39,'Nihil eligendi enim et quis impedit vitae expedita. A nostrum et sint architecto. Est minima architecto non ipsa vero.',1,0,'2018-07-12 00:47:31'),(34,34,50,'Non qui dolorum explicabo error illum nulla quaerat. Sed inventore rerum veniam repellendus est earum. Debitis quasi architecto illum vero praesentium deleniti. Nemo ullam nihil optio.',1,1,'2018-09-07 20:56:11'),(35,49,94,'Quia repellat ut est enim quasi ut. Voluptate aspernatur quaerat officiis odit cum. Natus ut aut sed ipsam tempora vitae et illum. Deleniti quaerat dolores corrupti explicabo.',0,1,'2012-08-16 03:36:10'),(36,23,32,'Corrupti delectus laborum dolor exercitationem. Nisi accusamus rerum harum tempora facilis. Ullam officia est eum non laboriosam natus. Sit iure alias perspiciatis iure quibusdam. Unde rerum quo praesentium similique.',0,0,'2012-03-21 05:16:24'),(37,91,60,'Non dolore porro quo omnis recusandae voluptas. Similique voluptatem consequuntur ut. Maiores nam accusantium quod voluptas placeat ratione accusamus cum. Sint fuga ducimus id aut. Illum qui nemo aut at neque eos.',0,1,'2013-12-10 06:01:21'),(38,24,38,'Enim quia repellendus aut. Sit vel quibusdam magnam. Aliquam ipsam minima sequi sint nesciunt repellat. Cumque excepturi ab pariatur reprehenderit blanditiis. Sint omnis quia eum non consequuntur ducimus.',1,0,'2012-02-15 18:46:57'),(39,21,90,'Libero hic ullam ea voluptatibus nihil et provident. Alias voluptate et omnis qui fugit. Placeat ab ducimus tenetur aut qui et ut.',0,1,'2013-11-17 03:31:09'),(40,85,55,'Voluptatem rem possimus consequatur blanditiis. Deserunt rerum a et cupiditate. Nemo sint dignissimos vitae ab. Eum optio sit et.',0,0,'2012-08-25 08:31:00'),(41,19,29,'In minus ipsam alias adipisci suscipit nesciunt mollitia hic. Aliquid error dolor tempora rerum dicta consequuntur. Possimus autem enim quaerat consequatur repudiandae eius nesciunt. Quia dolorem iure dolores asperiores dolor qui qui.',0,0,'2017-04-26 13:54:09'),(42,86,44,'Quisquam provident suscipit enim sunt necessitatibus. Maiores fuga consequatur odio aut asperiores non rerum. Earum tempora voluptatibus fugit nihil expedita sed reprehenderit. Autem id illum sit qui voluptas dolores ad.',1,1,'2014-08-14 00:27:41'),(43,62,77,'Autem aspernatur veritatis vel consequatur. Quis perferendis unde deleniti et et. Eos commodi et accusantium ut. Reiciendis vero ipsa laudantium ex.',0,1,'2011-12-12 18:33:50'),(44,99,62,'Esse earum soluta quaerat quia. Cum blanditiis voluptatem velit necessitatibus et.',0,0,'2018-09-13 21:42:09'),(45,12,73,'Eligendi et aut atque velit repudiandae. Sunt iusto voluptatum rem et nam cum id. Qui eum eum tempore.',0,1,'2011-06-22 22:01:12'),(46,31,34,'Maxime necessitatibus in provident magnam facere vel. Voluptates commodi sapiente dolores tempora esse assumenda iste. Tempora laudantium nam voluptate omnis ea velit.',0,0,'2015-06-25 09:50:51'),(47,75,74,'Neque provident magnam nesciunt nobis harum. Ducimus qui sed aut optio excepturi pariatur architecto est. Laboriosam sequi in suscipit enim illum.',1,1,'2017-05-10 19:25:35'),(48,45,1,'Accusantium earum vitae earum. Totam ut non explicabo sapiente harum. Voluptatem reiciendis fuga dolorem tenetur.',0,0,'2016-09-29 02:57:56'),(49,68,39,'Distinctio est laboriosam qui ut molestiae. Dolorum enim natus vel sed. Tenetur tenetur quod et et id aut sed id.',1,0,'2011-12-01 19:13:13'),(50,88,25,'Dolor nobis et eveniet sed accusantium sed. Sunt quibusdam quas nostrum aut sed rerum. Ea repellat consequatur repellendus inventore aperiam et eveniet.',0,0,'2011-12-16 22:03:20'),(51,60,24,'Sed aspernatur iusto voluptatem sint occaecati quia. Quidem sit tenetur sit aut ratione quisquam sed. Qui enim provident et delectus.',0,0,'2012-03-30 15:54:33'),(52,42,35,'Veritatis consequatur eaque ad aut eveniet neque sunt. Delectus et soluta optio ut fugit cumque molestiae. Quo quia consequuntur est culpa.',0,1,'2016-12-19 22:58:46'),(53,50,42,'Sequi aut modi perspiciatis nulla qui. Ratione aut nam nostrum voluptas et repellendus voluptatibus.',1,0,'2016-06-26 09:08:23'),(54,63,85,'A voluptatem qui deserunt exercitationem. Dolore reprehenderit assumenda voluptatum illo harum hic.',1,1,'2011-03-13 07:13:27'),(55,37,29,'Adipisci aut suscipit magnam blanditiis exercitationem. Qui numquam ut officia nesciunt ut delectus et. Facere delectus ab asperiores inventore deserunt.',1,0,'2013-12-10 21:56:27'),(56,34,83,'Ut voluptatum qui dignissimos accusantium sed iusto ducimus et. Iste laborum voluptatem tenetur sequi sapiente quos sunt cum. Non quo qui consequatur tenetur vel maiores maxime.',0,1,'2012-09-19 06:49:57'),(57,12,12,'Nihil qui adipisci rerum temporibus sed accusamus nihil. Minima distinctio pariatur blanditiis non harum. Aspernatur velit fuga eaque ipsum esse nobis. Iste placeat et ut tempore voluptates velit libero.',1,1,'2017-06-27 15:39:21'),(58,21,68,'Et maxime quae quia ratione enim non. Architecto expedita sed ad. Est itaque ex voluptate rerum.',0,1,'2012-03-18 19:13:26'),(59,75,74,'Blanditiis itaque in molestias eos aut quaerat. Quas rem cupiditate aliquam qui commodi.',0,1,'2016-07-28 22:55:40'),(60,45,1,'Ab ut a ea recusandae cupiditate non sit. Veniam laudantium itaque quis quia nam at. Qui quo quibusdam et. Commodi unde possimus adipisci rerum.',0,1,'2016-08-05 02:18:41'),(61,72,53,'Sint occaecati exercitationem vitae vel eos veritatis enim. Est soluta quia dolorem id. Earum voluptatem totam vitae quia ratione eius.',1,1,'2019-12-15 04:46:10'),(62,52,98,'Rem aut ipsam dolorem. Nulla officia eum sit ut sed. Quos sit ut temporibus dolores.',0,0,'2020-12-21 22:31:42'),(63,35,79,'Quo id officiis et sequi quasi mollitia quia. Eius sint voluptate est exercitationem natus minima. Et amet itaque sit sunt sequi nisi. Vitae non in tenetur molestiae.',1,0,'2020-04-18 03:39:38'),(64,92,20,'Et ex dolores quam assumenda nulla. In ut eum placeat sunt corporis praesentium. Repellendus voluptas id aut quas. Unde autem pariatur sequi ut est et quae.',0,1,'2014-02-05 21:25:11'),(65,22,53,'Ea aliquam minus harum dolores. Eos eaque voluptates quasi nihil fuga. Minus maiores ut harum illum in id nobis necessitatibus.',1,1,'2012-08-13 19:31:04'),(66,96,23,'Adipisci optio ab blanditiis ipsa. Beatae ea eligendi nisi sit voluptatem. Deserunt eaque et et aut est minima saepe velit. Dolore saepe vero molestiae sit.',1,0,'2015-07-27 07:59:04'),(67,24,52,'Enim eos quia qui nobis magni ratione. Illo et temporibus expedita dolorem fugit tempora consectetur. Perferendis soluta rerum error qui repellendus quibusdam suscipit officiis. Voluptatum repellendus quasi rerum provident.',1,0,'2012-06-02 00:44:44'),(68,88,83,'Voluptates aliquid quos deleniti tempore illo quia mollitia. Quo laudantium illum ullam veniam quas nulla qui omnis. Libero enim commodi et sequi fugit dignissimos adipisci.',1,0,'2013-05-13 12:11:04'),(69,51,6,'Dignissimos consequuntur magnam asperiores dolorum qui. Explicabo fugiat non fugit praesentium magni sit animi voluptatem. Iste magni aspernatur consequuntur sint.',1,1,'2013-08-06 07:37:01'),(70,76,63,'Et qui et magni aliquam rem voluptatem ullam. Possimus voluptatum dolorum rerum mollitia soluta facilis. Adipisci odit et id necessitatibus nihil. Dolorum aliquid blanditiis reprehenderit in iste assumenda voluptatem atque.',1,0,'2014-01-07 06:37:09'),(71,87,45,'Totam non earum aperiam rerum tempore dolorem sequi. Saepe quia perferendis optio expedita odit consequatur. Vel quis ab accusantium qui perspiciatis.',1,0,'2018-11-06 00:00:22'),(72,64,82,'Error perspiciatis neque omnis voluptas expedita doloremque nihil. Adipisci voluptatibus fugit itaque tenetur earum. Velit doloribus exercitationem consequuntur eum.',0,1,'2015-01-12 04:37:52'),(73,18,42,'Quo non hic at et et quasi. Expedita voluptatem aliquam in culpa. Nihil a nam sit.',1,1,'2014-09-11 01:06:15'),(74,58,64,'Velit dolorem et quis nemo cumque aspernatur. Veritatis labore est nesciunt velit ipsam. Et optio iste et.',0,1,'2018-12-28 11:46:35'),(75,43,24,'Itaque voluptatem atque vel deleniti et vel vel. Qui reprehenderit doloribus iusto eos. Quaerat labore quia dignissimos. Nobis quia corrupti velit in autem doloribus.',1,0,'2016-02-05 04:54:14'),(76,88,70,'A molestiae dolorum modi quia repellat tempore. Sequi consequuntur sed et assumenda et dolorum blanditiis. Ipsum unde aut ratione consectetur quis libero.',0,0,'2020-10-19 17:16:44'),(77,86,20,'Debitis et ullam natus voluptates numquam vero eum. Consequatur magnam facere eos incidunt rerum. Officia iusto omnis dolorum ut odio ex. Architecto et quidem libero culpa assumenda quidem nam.',0,0,'2014-08-09 04:06:52'),(78,41,43,'Delectus sed quas et non asperiores quia. Sunt dolores iste sunt consectetur eos possimus totam sed. Qui officiis modi molestiae. Iste libero tempore et labore.',1,1,'2016-12-08 03:27:55'),(79,91,27,'Sit tempora reprehenderit ex facilis reiciendis atque tempora. Provident et dolore enim impedit. Animi possimus et consequatur dolorem.',0,1,'2011-08-05 20:20:39'),(80,60,20,'Esse quia et repellat dolorem molestiae. In eos consequatur facere aut quod sed et. Dolorem ut cumque atque provident ipsum cumque.',0,1,'2012-09-10 13:34:11'),(81,19,34,'Ab tempora accusantium sapiente. Repellat mollitia quisquam omnis atque exercitationem incidunt dolores.',1,0,'2015-03-17 07:54:50'),(82,15,69,'Autem deserunt officiis impedit qui nulla nemo ipsum. Iusto iusto voluptas exercitationem. Non ipsa consequatur ea veritatis est. Perferendis enim nihil porro tempora deleniti modi.',1,1,'2015-03-09 08:43:18'),(83,2,4,'Aut consequatur quos laudantium aut. Debitis nostrum aut voluptas velit nobis aut consequuntur. Dignissimos recusandae iure voluptatum omnis omnis error similique.',0,0,'2015-01-22 13:21:11'),(84,11,44,'Ea deleniti quibusdam facilis. Qui magni omnis nisi ducimus sit dolor.',0,0,'2020-08-30 09:51:41'),(85,87,2,'Quisquam saepe vel sint error. Voluptatem molestiae eius distinctio voluptate qui suscipit consequuntur. Velit facere dolores nobis dolor sed sed sed quam. Excepturi in voluptatibus officia tempora ea sunt.',0,1,'2017-03-29 21:19:23'),(86,50,43,'Commodi deleniti numquam repudiandae autem itaque. Tempore cum neque corporis delectus id quae.',0,1,'2015-04-25 11:11:14'),(87,65,97,'Corrupti alias voluptatem pariatur corporis voluptas ipsum aspernatur. Cum cupiditate cupiditate minus. Voluptatibus sed tempora unde. Debitis vitae quis vero dignissimos consectetur alias.',1,1,'2019-07-19 21:12:27'),(88,86,42,'Et id officia iusto. Et nisi fugiat ab voluptate. Ut iure qui fuga. Quas commodi incidunt voluptates molestiae dolorem ratione.',1,1,'2014-11-09 15:36:56'),(89,49,18,'Voluptas et natus similique molestias. Qui numquam autem corrupti et. Vel soluta et voluptatum labore delectus dolore.',1,1,'2017-11-18 17:27:33'),(90,41,53,'Aut amet id aliquid est porro hic optio. Animi recusandae et dignissimos odio sint vel omnis. Modi totam qui qui dignissimos dolorum ipsam ipsa. Voluptas unde et sint impedit pariatur numquam quia.',0,1,'2012-07-14 23:18:27'),(91,43,53,'Sed adipisci aut velit vel consequuntur facere sit. Quia qui aut sed voluptatem sunt facere ducimus. Dolores voluptas cumque nulla.',0,1,'2018-06-30 21:44:33'),(92,34,13,'Recusandae nisi iusto molestias iusto non qui. Qui repellendus corporis impedit. Est iusto voluptates debitis quam animi consequatur. Sint consequuntur quasi ipsam hic.',0,0,'2019-04-13 22:16:35'),(93,60,61,'Laboriosam fugiat officiis iste repellat. Repellendus sed eum odio explicabo itaque perspiciatis. Qui qui facere et dolores enim.',1,1,'2013-03-25 10:30:42'),(94,25,41,'Ipsum illo vel a architecto modi praesentium exercitationem. Recusandae id repudiandae aliquid maiores nisi aut officiis.',1,1,'2014-08-08 12:18:19'),(95,31,29,'Reprehenderit harum ex voluptate aut non aut. Aut ut voluptas porro pariatur magnam eos. Perspiciatis ut nisi et numquam nam. Nulla et consequuntur totam ea nihil culpa veniam.',1,1,'2014-01-03 17:54:35'),(96,53,79,'Ab ut fugit nobis. Et quis est numquam. Dolore voluptates quaerat accusantium velit. Dolor quo alias officia sit doloribus.',1,1,'2017-09-12 02:47:18'),(97,35,37,'Soluta et iusto quasi quis accusantium. Voluptate autem dolorum officiis laudantium. Eveniet consequuntur saepe ad eos. Libero ut dolore quia corporis rem nihil. Sint vel quidem dolore dolorem est nobis.',0,1,'2018-12-23 03:36:34'),(98,80,89,'Sint pariatur dolorem eveniet praesentium facere architecto corporis quaerat. Enim vel perspiciatis ut ipsam atque. Ea hic iure velit modi rerum.',0,0,'2017-01-19 04:51:48'),(99,5,56,'Dolor maxime sed dolores nemo eligendi maiores commodi. Est et at sit libero.',1,0,'2020-03-07 13:03:41'),(100,63,49,'Dolorem rerum in unde et. Illo officia doloremque ut necessitatibus repellat aliquid. Exercitationem est delectus esse adipisci minima ea molestiae.',1,0,'2011-02-22 18:46:07');
/*!40000 ALTER TABLE `messages` ENABLE KEYS */;
UNLOCK TABLES;

--
-- Table structure for table `profiles`
--

DROP TABLE IF EXISTS `profiles`;
/*!40101 SET @saved_cs_client     = @@character_set_client */;
/*!50503 SET character_set_client = utf8mb4 */;
CREATE TABLE `profiles` (
  `user_id` int unsigned NOT NULL COMMENT 'Ссылка на пользователя',
  `gender` enum('M','F') COLLATE utf8mb4_unicode_ci DEFAULT NULL,
  `birthday` date DEFAULT NULL COMMENT 'Дата рождения',
  `city` varchar(130) CHARACTER SET utf8mb4 COLLATE utf8mb4_unicode_ci DEFAULT NULL COMMENT 'Город проживания',
  `country` varchar(130) CHARACTER SET utf8mb4 COLLATE utf8mb4_unicode_ci DEFAULT NULL COMMENT 'Страна проживания',
  `created_at` datetime DEFAULT CURRENT_TIMESTAMP COMMENT 'Время создания строки',
  `updated_at` datetime DEFAULT CURRENT_TIMESTAMP ON UPDATE CURRENT_TIMESTAMP COMMENT 'Время обновления строки',
  PRIMARY KEY (`user_id`)
) ENGINE=InnoDB DEFAULT CHARSET=utf8mb4 COLLATE=utf8mb4_unicode_ci COMMENT='Профили';
/*!40101 SET character_set_client = @saved_cs_client */;

--
-- Dumping data for table `profiles`
--

LOCK TABLES `profiles` WRITE;
/*!40000 ALTER TABLE `profiles` DISABLE KEYS */;
INSERT INTO `profiles` VALUES (1,'M','2013-01-27','Lake Marianaport','Marshall Islands','2014-03-27 07:35:13','2021-02-14 15:34:45'),(2,'M','2012-04-12','South Wiley','Serbia','2012-07-02 06:46:36','2020-03-19 01:44:25'),(3,'M','2019-08-26','Breitenbergmouth','Cocos (Keeling) Islands','2015-05-26 11:18:02','2019-12-22 14:21:22'),(4,'M','2015-05-03','Framifort','Vanuatu','2018-06-24 05:43:25','2021-02-14 15:34:45'),(5,'F','2014-03-20','Port Ledaport','Micronesia','2016-06-13 07:10:06','2020-11-07 00:52:52'),(6,'F','2015-05-15','North Julienberg','Lao People\'s Democratic Republic','2017-08-21 01:47:27','2021-02-14 15:34:45'),(7,'M','2017-08-27','New Jakayla','Brunei Darussalam','2018-08-05 17:26:09','2021-02-14 15:34:45'),(8,'F','2021-01-12','Klockoside','Antigua and Barbuda','2018-07-23 08:59:06','2021-02-14 15:34:45'),(9,'F','2019-12-24','Pfefferbury','Isle of Man','2014-12-31 02:48:39','2021-02-14 15:34:45'),(10,'F','2016-06-26','Zellafort','Netherlands','2015-10-06 07:00:26','2019-10-27 01:31:38'),(11,'M','2013-03-29','South Adityaport','Hungary','2020-06-12 01:13:21','2021-02-14 15:34:45'),(12,'F','2019-03-05','East Jaylanland','Saint Kitts and Nevis','2011-11-23 03:17:51','2013-03-07 09:07:29'),(13,'M','2015-07-09','Lake Raegantown','Ethiopia','2013-01-04 12:30:52','2019-12-16 05:08:35'),(14,'F','2019-10-28','East Furman','Tunisia','2014-01-28 13:25:15','2021-02-14 15:34:45'),(15,'M','2011-03-27','North Leora','Liechtenstein','2011-08-27 04:44:13','2016-07-06 07:11:47'),(16,'M','2012-11-12','New Sheridan','Tunisia','2013-03-19 11:34:32','2014-07-15 14:16:36'),(17,'F','2019-10-29','Lessiefurt','Panama','2019-03-17 05:43:34','2020-01-30 09:53:40'),(18,'F','2017-09-13','Rosafurt','New Caledonia','2014-12-12 01:39:27','2017-12-12 14:51:16'),(19,'F','2014-05-24','New Vickieburgh','Cameroon','2018-10-27 14:54:12','2021-02-14 15:34:45'),(20,'F','2011-05-22','Jaysonville','Zambia','2020-06-13 11:35:39','2021-02-14 15:34:45'),(21,'M','2013-12-01','Port Dustyland','Finland','2017-01-31 12:16:45','2021-02-14 15:34:45'),(22,'M','2014-06-05','Ethelynfurt','Vietnam','2012-06-06 00:19:28','2012-09-29 14:06:25'),(23,'F','2015-01-03','Maciborough','Gambia','2014-09-11 00:26:16','2020-09-02 10:14:32'),(24,'M','2018-06-09','Schadenbury','Egypt','2020-01-22 10:23:15','2021-02-14 15:34:45'),(25,'M','2016-06-11','Bartonchester','Azerbaijan','2018-02-03 04:55:55','2019-10-04 21:07:10'),(26,'M','2019-05-19','New Holly','Faroe Islands','2017-01-02 08:37:45','2021-02-14 15:34:45'),(27,'F','2015-12-29','Darrylville','Singapore','2018-05-11 10:17:34','2020-10-16 17:42:33'),(28,'F','2013-09-25','Keonside','Italy','2015-07-22 19:48:20','2021-02-14 15:34:45'),(29,'M','2013-02-27','Ettieton','Portugal','2016-03-24 03:07:56','2021-02-14 15:34:45'),(30,'F','2017-04-15','Walshview','Tonga','2017-12-03 21:48:56','2019-12-05 05:54:39'),(31,'M','2011-03-08','Fadelfurt','Madagascar','2015-06-28 05:57:25','2021-02-14 15:34:45'),(32,'F','2011-05-16','Arnulfochester','Cocos (Keeling) Islands','2016-09-02 05:06:31','2017-12-01 16:38:40'),(33,'M','2014-01-26','North Ilaville','Pitcairn Islands','2014-06-22 13:42:18','2021-01-01 23:23:56'),(34,'F','2015-02-23','Stantontown','Saint Lucia','2014-03-14 19:02:14','2017-04-18 16:09:41'),(35,'M','2013-06-23','Purdytown','Cocos (Keeling) Islands','2019-06-05 02:44:33','2021-02-14 15:34:45'),(36,'F','2015-07-29','West Deon','Palestinian Territory','2018-03-11 05:21:32','2020-12-02 05:20:52'),(37,'M','2012-03-06','Lake Roybury','Denmark','2018-03-31 05:59:00','2021-02-14 15:34:45'),(38,'M','2017-01-26','Minashire','Palau','2012-11-28 20:18:31','2019-04-18 12:17:49'),(39,'M','2018-11-09','Schummfurt','Luxembourg','2018-01-17 10:39:28','2021-02-14 15:34:45'),(40,'F','2013-09-17','Lake Gennaromouth','Liberia','2019-05-25 11:19:46','2021-02-14 15:34:45'),(41,'M','2018-04-09','Zachariahside','Kuwait','2011-10-02 17:13:04','2014-02-27 16:29:41'),(42,'F','2014-10-16','Yostmouth','Palestinian Territory','2014-07-01 16:42:57','2021-02-14 15:34:45'),(43,'M','2016-03-13','New Jody','Mayotte','2017-08-05 14:54:14','2020-07-09 11:31:01'),(44,'F','2015-01-29','Judgemouth','Russian Federation','2019-07-23 05:03:17','2020-08-22 08:38:42'),(45,'M','2015-05-12','Keelingmouth','Czech Republic','2017-12-08 05:36:01','2021-02-14 15:34:45'),(46,'F','2018-07-11','Donniechester','New Zealand','2017-09-14 12:47:30','2021-02-14 15:34:45'),(47,'F','2011-07-19','Lake Cicero','Antarctica (the territory South of 60 deg S)','2018-02-05 22:04:49','2021-02-14 15:34:45'),(48,'F','2016-07-23','Ginoport','Finland','2011-03-16 09:12:09','2011-06-08 19:35:04'),(49,'M','2013-01-12','Huelport','Namibia','2011-11-01 03:03:52','2020-07-21 08:14:52'),(50,'M','2018-11-08','Elouisemouth','Greece','2017-09-26 12:56:46','2019-03-27 17:00:52'),(51,'M','2020-11-09','Port Efrain','American Samoa','2012-08-14 23:35:53','2017-09-23 13:05:12'),(52,'F','2018-06-14','East Gertrudechester','Australia','2015-06-29 22:36:15','2021-02-14 15:34:45'),(53,'F','2011-12-01','North Yadira','Malaysia','2020-08-03 05:09:19','2021-02-14 15:34:45'),(54,'M','2017-10-11','Colefort','Ghana','2014-04-19 12:07:46','2021-02-14 15:34:45'),(55,'M','2011-07-19','Wiegandview','Sudan','2016-01-21 01:59:07','2019-01-30 11:33:55'),(56,'M','2017-06-26','Shawnberg','Kenya','2018-06-21 16:34:03','2021-02-14 15:34:45'),(57,'M','2014-11-26','South Cassandrahaven','Denmark','2019-11-03 00:14:24','2021-02-14 15:34:45'),(58,'M','2015-09-06','Gregoriamouth','Kazakhstan','2017-02-05 16:14:31','2021-02-14 15:34:45'),(59,'F','2017-06-30','Athenaborough','Equatorial Guinea','2015-05-20 02:45:47','2021-02-14 15:34:45'),(60,'F','2014-07-26','Christopchester','China','2018-09-11 17:04:57','2021-02-14 15:34:45'),(61,'F','2016-03-16','Schultzhaven','Thailand','2018-01-10 20:10:30','2021-02-14 15:34:45'),(62,'M','2015-01-18','South Camylle','Cook Islands','2020-10-07 18:09:30','2021-02-14 15:34:45'),(63,'M','2020-08-11','New Marcelo','Honduras','2014-12-11 01:07:40','2018-05-26 22:57:37'),(64,'M','2014-12-06','East Chayamouth','France','2016-03-10 13:54:43','2019-08-02 02:50:54'),(65,'M','2012-10-19','New Jed','Antigua and Barbuda','2013-01-16 06:36:27','2018-04-18 16:25:58'),(66,'M','2011-12-31','Carmellaview','Austria','2020-10-26 16:57:43','2021-02-14 15:34:45'),(67,'F','2017-10-18','South Emerson','Afghanistan','2011-11-05 00:56:17','2019-06-09 20:16:37'),(68,'F','2012-08-29','Maggioborough','United States of America','2020-08-03 15:55:34','2021-02-14 15:34:45'),(69,'F','2017-05-10','Lake Jazmin','Christmas Island','2018-12-28 00:53:14','2021-02-14 15:34:45'),(70,'M','2020-01-10','Bartolettiville','Albania','2018-05-27 21:59:01','2021-02-14 15:34:45'),(71,'M','2013-06-29','West Elianeberg','Iceland','2016-12-29 12:32:26','2021-02-14 15:34:45'),(72,'F','2019-09-12','Kiehnside','Malawi','2014-09-25 19:57:52','2014-12-16 18:19:32'),(73,'M','2013-10-01','Jabarifurt','Rwanda','2016-06-06 06:33:01','2017-07-19 07:41:55'),(74,'F','2012-01-11','Jerelview','Mauritius','2017-04-13 01:39:31','2021-02-14 15:34:45'),(75,'F','2015-11-30','North Kadestad','Swaziland','2016-03-19 09:22:06','2017-05-26 08:35:15'),(76,'F','2017-06-20','Lake Quinten','Venezuela','2018-09-16 01:19:07','2021-02-14 15:34:45'),(77,'M','2018-11-18','Schuppeshire','Belize','2018-03-09 20:08:34','2018-06-06 09:08:27'),(78,'F','2012-08-14','Port Maevehaven','Mongolia','2018-05-28 21:18:31','2021-02-14 15:34:45'),(79,'F','2015-09-30','Port Giannibury','Tanzania','2016-10-27 22:05:58','2021-02-14 15:34:45'),(80,'M','2017-02-02','Chloefurt','Guam','2013-03-20 18:41:27','2018-01-05 09:37:53'),(81,'F','2017-06-08','South Jakeburgh','Poland','2016-06-18 09:20:32','2019-11-09 22:48:23'),(82,'M','2016-02-29','Alyciaborough','Seychelles','2019-04-05 22:31:44','2021-02-14 15:34:45'),(83,'M','2013-09-10','Michealland','Switzerland','2013-02-22 11:42:01','2014-03-28 22:09:44'),(84,'M','2017-03-30','Port Donavonville','Mayotte','2015-10-25 10:40:23','2021-02-14 15:34:45'),(85,'F','2016-01-14','East Cleta','Denmark','2017-12-03 18:06:25','2021-02-14 15:34:45'),(86,'M','2018-01-24','West Kitty','Lebanon','2012-02-26 00:20:25','2018-05-25 05:06:23'),(87,'M','2014-08-11','Vernerton','Saint Helena','2012-03-07 12:03:21','2012-12-06 22:22:46'),(88,'F','2015-12-04','West Lillianabury','Sri Lanka','2018-12-01 04:09:59','2021-02-14 15:34:45'),(89,'M','2011-10-13','Lake Ahmed','Czech Republic','2020-05-17 02:39:30','2021-02-14 15:34:45'),(90,'F','2011-09-30','Siennafurt','Micronesia','2013-04-12 17:57:25','2014-07-10 03:01:26'),(91,'M','2013-08-02','Kingside','Faroe Islands','2020-06-23 23:14:25','2021-02-14 15:34:45'),(92,'F','2019-04-14','North Melvintown','Equatorial Guinea','2016-04-30 08:53:05','2018-04-05 12:23:47'),(93,'M','2011-09-14','Josianeland','Iran','2014-10-31 05:24:41','2019-02-23 00:03:56'),(94,'M','2013-07-14','New Jarrell','Egypt','2012-06-17 05:03:23','2014-08-23 00:59:14'),(95,'F','2017-05-18','New Gerda','Liberia','2020-05-08 11:34:58','2021-02-14 15:34:45'),(96,'M','2011-12-16','Jaydastad','Turkmenistan','2012-01-26 00:45:57','2014-03-16 18:56:12'),(97,'M','2011-11-20','Port Destineemouth','New Caledonia','2013-08-07 19:22:07','2014-10-06 04:57:12'),(98,'M','2020-12-28','Nolanfort','Palestinian Territory','2016-03-05 03:15:37','2019-06-14 08:46:19'),(99,'F','2019-07-16','Okunevafort','Samoa','2013-01-10 01:22:29','2019-01-05 17:17:07'),(100,'M','2016-09-20','North Effieberg','Georgia','2012-03-21 15:44:28','2015-02-26 16:45:30');
/*!40000 ALTER TABLE `profiles` ENABLE KEYS */;
UNLOCK TABLES;

--
-- Table structure for table `users`
--

DROP TABLE IF EXISTS `users`;
/*!40101 SET @saved_cs_client     = @@character_set_client */;
/*!50503 SET character_set_client = utf8mb4 */;
CREATE TABLE `users` (
  `id` int unsigned NOT NULL AUTO_INCREMENT COMMENT 'Идентификатор строки',
  `first_name` varchar(100) CHARACTER SET utf8mb4 COLLATE utf8mb4_unicode_ci NOT NULL COMMENT 'Имя пользователя',
  `last_name` varchar(100) CHARACTER SET utf8mb4 COLLATE utf8mb4_unicode_ci NOT NULL COMMENT 'Фамилия пользователя',
  `email` varchar(100) CHARACTER SET utf8mb4 COLLATE utf8mb4_unicode_ci NOT NULL COMMENT 'Почта',
  `phone` varchar(30) CHARACTER SET utf8mb4 COLLATE utf8mb4_unicode_ci NOT NULL COMMENT 'Телефон',
  `created_at` datetime DEFAULT CURRENT_TIMESTAMP COMMENT 'Время создания строки',
  `updated_at` datetime DEFAULT CURRENT_TIMESTAMP ON UPDATE CURRENT_TIMESTAMP COMMENT 'Время обновления строки',
  PRIMARY KEY (`id`),
  UNIQUE KEY `email` (`email`),
  UNIQUE KEY `phone` (`phone`)
) ENGINE=InnoDB AUTO_INCREMENT=101 DEFAULT CHARSET=utf8mb4 COLLATE=utf8mb4_unicode_ci COMMENT='Пользователи';
/*!40101 SET character_set_client = @saved_cs_client */;

--
-- Dumping data for table `users`
--

LOCK TABLES `users` WRITE;
/*!40000 ALTER TABLE `users` DISABLE KEYS */;
INSERT INTO `users` VALUES (1,'Sibyl','Kozey','cathy80@example.org','514-071-3451','2017-10-01 12:51:15','2021-02-14 15:34:44'),(2,'Juanita','Jacobi','chaim94@example.net','132-461-9072x94389','2011-11-18 16:59:06','2013-01-07 01:04:56'),(3,'Elody','Kuvalis','ben70@example.com','+77(6)1691586536','2013-07-13 22:46:36','2016-01-14 13:16:19'),(4,'Wilton','Mosciski','jeff.stark@example.com','+96(6)7606629923','2019-07-15 20:08:58','2021-02-14 15:34:44'),(5,'Waldo','Brakus','samson42@example.net','727-985-4693x297','2020-01-09 02:10:34','2021-02-14 15:34:44'),(6,'Tomas','Schumm','qstark@example.net','+64(1)7841150092','2019-07-04 02:00:05','2021-02-14 15:34:44'),(7,'Elta','Huel','gerard.turcotte@example.com','(447)616-7995x21636','2015-02-08 05:36:23','2020-08-20 02:01:36'),(8,'Ocie','Sporer','stokes.marcelina@example.com','382.338.1335x181','2012-11-19 09:44:44','2017-01-22 21:06:36'),(9,'Novella','Monahan','bhermann@example.org','+58(8)7891999115','2020-10-07 01:43:53','2021-02-14 15:34:44'),(10,'Yvonne','Schaefer','lorine67@example.net','437.968.6357x794','2019-07-03 19:00:15','2021-02-14 15:34:44'),(11,'Dawson','Kiehn','davis.lora@example.net','1-691-822-5977','2019-12-27 01:35:35','2021-02-14 15:34:44'),(12,'Larue','Crist','bjones@example.net','(600)565-1424','2016-11-01 04:35:33','2020-09-20 07:14:28'),(13,'Alexie','Bernhard','kroberts@example.net','646-340-9715','2017-05-16 02:12:29','2021-02-14 15:34:44'),(14,'Theresa','Gislason','enikolaus@example.org','(598)837-1069','2020-05-30 23:16:06','2021-02-14 15:34:44'),(15,'Beulah','Nienow','ymuller@example.com','03791480277','2019-12-11 19:58:10','2021-02-14 15:34:44'),(16,'Curt','Rempel','katelyn.braun@example.net','251.806.3412x9102','2016-02-25 03:35:41','2021-02-14 15:34:44'),(17,'Merl','Johnston','towne.aliyah@example.org','952-715-5623x8448','2012-07-04 02:08:05','2015-08-10 15:03:38'),(18,'Abagail','Kohler','smith.martina@example.com','08668155964','2015-01-29 14:21:01','2019-09-10 01:13:59'),(19,'Marjolaine','Reynolds','wmiller@example.org','(359)555-7580','2020-09-08 01:17:29','2021-02-14 15:34:44'),(20,'Loy','Keebler','jairo.o\'connell@example.net','249.615.1542x490','2011-11-30 19:15:46','2020-06-05 09:05:47'),(21,'Ken','Lynch','elwyn.marquardt@example.com','298.704.3109x7550','2013-06-10 02:50:49','2014-10-26 16:18:34'),(22,'Janae','Schneider','smitham.garnett@example.net','09766506111','2013-07-01 11:33:04','2013-09-01 06:32:36'),(23,'Caroline','Wiza','orn.martine@example.net','(575)946-8632','2016-05-07 15:31:28','2021-02-14 15:34:44'),(24,'Dwight','Kirlin','chanelle37@example.com','790-114-7274x5902','2016-06-12 08:28:32','2017-02-01 09:26:36'),(25,'Naomie','Conroy','daniella15@example.com','+40(6)6012652481','2020-05-18 09:25:59','2021-02-14 15:34:44'),(26,'Ebony','Kutch','marks.katelin@example.net','1-000-788-6170x76095','2017-03-20 08:56:57','2021-02-14 15:34:44'),(27,'Maverick','Smitham','claud.lind@example.org','143-661-8444','2017-11-26 15:55:11','2021-02-14 15:34:44'),(28,'Heidi','Parker','dietrich.chesley@example.org','1-241-424-0278','2015-09-28 12:39:35','2016-03-17 13:16:18'),(29,'Kristofer','Douglas','delta.gulgowski@example.org','(050)332-3776x89092','2014-11-26 20:26:00','2021-02-14 15:34:44'),(30,'Maverick','Christiansen','laurianne.hayes@example.org','543.574.9117','2018-12-05 18:47:23','2021-02-14 15:34:44'),(31,'Hank','Kilback','amacejkovic@example.net','(050)485-5982x99789','2011-10-16 20:37:07','2019-05-31 17:23:21'),(32,'Jules','Smitham','tdach@example.net','117-392-6094x538','2015-11-09 21:18:11','2016-06-19 11:58:38'),(33,'Jovani','Rohan','hane.adolph@example.com','309-224-4688x1477','2018-03-06 02:46:08','2021-02-14 15:34:44'),(34,'Erwin','Nader','weissnat.angelica@example.org','(742)649-8980x152','2012-10-09 03:56:18','2013-12-17 07:38:55'),(35,'Ana','Schulist','hilpert.jamison@example.com','(300)776-2338x1522','2020-02-15 21:50:32','2021-02-14 15:34:44'),(36,'Jadon','Sporer','cruickshank.sharon@example.com','01518195082','2015-05-16 15:03:35','2017-09-07 22:22:49'),(37,'Gwen','Connelly','misael99@example.com','+30(7)0633318644','2016-07-04 06:57:29','2017-04-27 23:11:09'),(38,'Hiram','Stehr','faye48@example.net','898-688-2764','2019-03-20 00:42:20','2021-02-14 15:34:44'),(39,'Weston','Metz','tyost@example.org','537-770-8279x437','2019-08-18 15:55:49','2021-02-14 15:34:44'),(40,'Tyra','Herman','hickle.davin@example.org','(364)951-8074x044','2012-09-24 01:49:37','2013-04-24 11:38:10'),(41,'Favian','Nolan','toberbrunner@example.net','(944)829-2530x2131','2015-09-16 23:25:12','2021-02-14 15:34:44'),(42,'Shaun','Waelchi','sabryna85@example.org','632-654-2599x62087','2018-09-17 13:55:56','2020-06-01 16:05:41'),(43,'Chanelle','Block','karson.gaylord@example.net','1-659-528-5929x77157','2021-01-29 22:08:55','2021-02-14 15:34:44'),(44,'Libby','Simonis','zena17@example.org','(240)300-8716x884','2013-06-19 07:05:57','2017-03-12 01:51:09'),(45,'Kelley','Keebler','schroeder.isom@example.com','(137)248-5164x6951','2012-08-23 00:08:46','2019-07-18 04:58:44'),(46,'Renee','Tromp','efrain89@example.org','1-845-094-5785x632','2018-07-11 23:27:55','2021-02-14 15:34:44'),(47,'Willis','Mann','ara97@example.org','193-751-7856x03007','2012-04-07 17:37:47','2014-07-08 02:13:33'),(48,'Zion','Bartell','scotty.haley@example.org','+89(3)2458157946','2011-12-01 03:22:32','2021-02-14 15:34:44'),(49,'Jared','Leannon','lgreen@example.net','946.427.0119x161','2020-08-01 09:04:06','2021-02-14 15:34:44'),(50,'Chaz','Carter','lilyan65@example.com','1-171-327-7311','2019-08-12 13:36:06','2021-02-14 15:34:44'),(51,'Lemuel','Upton','mervin92@example.com','502.617.1138','2018-04-24 16:29:32','2021-02-14 15:34:44'),(52,'Emilia','Wisoky','lynch.francesca@example.com','1-314-724-2929x4900','2018-06-01 11:24:16','2021-02-14 15:34:44'),(53,'Howard','Padberg','gina.o\'reilly@example.com','914-178-3146x96861','2016-06-29 12:13:35','2021-02-14 15:34:44'),(54,'Ansley','Gislason','evangeline.rath@example.org','01383306048','2019-12-01 15:06:47','2021-02-14 15:34:44'),(55,'Matteo','Simonis','wyman.davis@example.com','607-569-6779x440','2018-12-15 09:30:05','2021-02-14 15:34:44'),(56,'Lauren','Daugherty','moses.cassin@example.com','1-719-325-7261','2019-10-08 14:08:52','2020-02-08 20:03:22'),(57,'Nora','Kirlin','kennedy46@example.org','(722)082-2331x108','2017-11-14 10:25:03','2020-11-03 07:18:51'),(58,'Candido','Boyer','anthony.donnelly@example.org','745.950.9390x22187','2011-05-18 01:19:36','2015-12-03 12:23:06'),(59,'Caden','Mayer','kub.lysanne@example.net','(754)068-4405','2019-08-26 16:52:01','2021-02-14 15:34:44'),(60,'Victor','Keeling','joan.beatty@example.org','(341)386-1665','2011-07-07 22:26:31','2013-10-26 19:47:03'),(61,'Lorenzo','Schinner','tillman.precious@example.org','676-063-0377','2015-11-29 10:09:06','2021-02-14 15:34:44'),(62,'Nayeli','Ullrich','bartell.elnora@example.com','458.614.8852x848','2017-06-18 02:59:05','2021-02-14 15:34:44'),(63,'Cecile','Ernser','ssimonis@example.net','1-661-527-9676','2013-12-16 14:54:58','2016-01-05 17:31:32'),(64,'Lillian','Beer','rau.aiden@example.net','1-963-631-3253','2015-02-06 15:55:41','2019-02-03 13:54:13'),(65,'Raoul','Schmitt','romaine.grady@example.com','1-713-874-5637','2016-08-05 10:06:43','2021-02-14 15:34:44'),(66,'Jaron','Hyatt','ghodkiewicz@example.com','635.684.5098','2019-06-02 22:09:55','2021-02-14 15:34:44'),(67,'Marjorie','Rice','neha.schmeler@example.net','03099257774','2015-08-27 04:30:32','2017-10-06 23:01:25'),(68,'Darrin','Rice','dwolff@example.com','720-317-7783','2013-09-26 20:45:19','2013-10-01 09:49:12'),(69,'Tyrique','Jacobs','ogoyette@example.com','1-858-761-9076x41934','2013-09-21 09:47:37','2021-02-14 15:34:44'),(70,'Ida','Purdy','zschmidt@example.org','091-871-8921','2016-06-01 12:10:34','2021-02-14 15:34:44'),(71,'Constance','Predovic','madyson.mclaughlin@example.com','1-853-107-0411','2018-03-31 18:16:02','2021-02-14 15:34:44'),(72,'Nichole','Green','schinner.mayra@example.net','074.499.3683','2013-03-03 08:38:41','2019-02-26 21:07:42'),(73,'Steve','Borer','swift.hertha@example.net','+03(1)5605324657','2017-02-23 12:05:13','2021-02-14 15:34:44'),(74,'Isaiah','Harber','drew.hyatt@example.org','073.031.3101x6524','2012-08-31 05:40:47','2021-02-14 15:34:44'),(75,'Jalyn','Flatley','abbigail23@example.net','783-514-2451x82078','2016-10-22 19:32:06','2019-11-13 12:08:53'),(76,'Glenda','Fay','ckuhic@example.net','1-078-812-8975x8795','2018-01-05 04:23:24','2020-09-02 05:49:18'),(77,'Howard','Witting','brook.hermiston@example.org','1-888-281-1785x073','2017-11-27 16:55:26','2021-02-14 15:34:44'),(78,'Eliane','Stanton','francesca13@example.org','879-932-0777x57371','2014-04-04 21:07:41','2018-10-20 20:30:00'),(79,'Euna','Quitzon','julianne82@example.com','1-364-686-7095','2016-10-03 15:01:00','2021-02-14 15:34:44'),(80,'Heber','Fahey','veum.antonia@example.org','+92(1)4957810157','2020-02-16 08:38:33','2021-02-14 15:34:44'),(81,'Sandy','Stehr','ewiegand@example.com','760-362-5179x0477','2013-06-30 02:18:44','2016-04-22 05:25:21'),(82,'Ronaldo','Kunze','wendell.rice@example.com','951.230.4048','2013-05-19 23:23:24','2016-09-08 15:35:51'),(83,'Darien','White','demarco.gusikowski@example.com','612.058.8874','2012-05-06 09:15:58','2020-04-18 17:10:23'),(84,'Anika','Bergstrom','lyric89@example.net','1-664-101-6013x78275','2014-04-22 02:00:13','2021-02-14 15:34:44'),(85,'Brooklyn','Baumbach','dietrich.lois@example.com','149.239.3045x867','2016-06-30 13:20:45','2019-02-16 15:55:09'),(86,'Mabelle','Berge','amber47@example.org','+55(4)1116753064','2020-02-23 23:22:21','2021-02-14 15:34:44'),(87,'Humberto','Oberbrunner','kreiger.arvilla@example.org','210.540.9021','2012-01-28 20:41:28','2019-02-12 10:29:32'),(88,'Josh','Feest','rodriguez.oren@example.org','406-679-1054x69983','2020-12-22 23:40:49','2021-02-14 15:34:44'),(89,'Elenor','Friesen','moriah38@example.com','910.444.3919x3603','2017-02-06 16:16:54','2017-03-09 23:57:45'),(90,'Toy','Pagac','colin.stark@example.net','(415)903-0233x89573','2014-04-29 06:10:47','2021-02-14 15:34:44'),(91,'Kiara','Pouros','greg91@example.com','624.980.3882x53639','2020-01-19 22:09:03','2021-02-14 15:34:44'),(92,'Sophie','Rutherford','lyla.deckow@example.org','492-096-5888','2015-10-07 14:19:54','2018-07-25 21:11:56'),(93,'Samson','Nikolaus','matteo.smith@example.org','+68(9)6753918294','2013-10-22 01:26:29','2016-07-17 09:44:11'),(94,'Neal','Ritchie','zkilback@example.org','207-581-8257','2011-11-30 04:09:06','2015-03-14 06:17:25'),(95,'Richie','Conn','kreynolds@example.com','1-447-954-4632x5245','2013-07-04 14:37:49','2021-02-14 15:34:44'),(96,'Karolann','Conn','feeney.anika@example.com','770.616.0493','2019-09-24 19:27:37','2021-02-14 15:34:44'),(97,'Kaela','Franecki','rblock@example.net','1-583-215-8075x25044','2018-02-28 00:42:38','2021-02-14 15:34:44'),(98,'Leo','Koch','al42@example.com','+06(2)9483487142','2014-01-12 03:39:01','2019-07-27 03:17:42'),(99,'Arnaldo','Block','aletha.conroy@example.net','343-075-6675x6591','2017-06-23 19:40:43','2021-02-14 15:34:44'),(100,'Josefa','Mayer','wward@example.com','472-710-8306','2019-01-19 19:34:41','2021-02-14 15:34:44');
/*!40000 ALTER TABLE `users` ENABLE KEYS */;
UNLOCK TABLES;

--
-- Dumping routines for database 'vk'
--
/*!40103 SET TIME_ZONE=@OLD_TIME_ZONE */;

/*!40101 SET SQL_MODE=@OLD_SQL_MODE */;
/*!40014 SET FOREIGN_KEY_CHECKS=@OLD_FOREIGN_KEY_CHECKS */;
/*!40014 SET UNIQUE_CHECKS=@OLD_UNIQUE_CHECKS */;
/*!40101 SET CHARACTER_SET_CLIENT=@OLD_CHARACTER_SET_CLIENT */;
/*!40101 SET CHARACTER_SET_RESULTS=@OLD_CHARACTER_SET_RESULTS */;
/*!40101 SET COLLATION_CONNECTION=@OLD_COLLATION_CONNECTION */;
/*!40111 SET SQL_NOTES=@OLD_SQL_NOTES */;

-- Dump completed on 2021-02-14 18:57:32
