#
# TABLE STRUCTURE FOR: guests
#

DROP TABLE IF EXISTS `guests`;

CREATE TABLE `guests` (
  `id` int(10) unsigned NOT NULL AUTO_INCREMENT COMMENT 'Идентификатор строки',
  `first_name` varchar(128) COLLATE utf8mb4_unicode_ci NOT NULL COMMENT 'Имя пользователя',
  `last_name` varchar(128) COLLATE utf8mb4_unicode_ci NOT NULL COMMENT 'Фамилия пользователя',
  `email` varchar(50) COLLATE utf8mb4_unicode_ci NOT NULL COMMENT 'Почта',
  `phone` varchar(30) COLLATE utf8mb4_unicode_ci NOT NULL COMMENT 'Телефон',
  `adress` varchar(255) COLLATE utf8mb4_unicode_ci NOT NULL COMMENT 'Адрес',
  `details` text COLLATE utf8mb4_unicode_ci DEFAULT NULL COMMENT 'Дополнительная информация',
  PRIMARY KEY (`id`),
  UNIQUE KEY `email` (`email`),
  UNIQUE KEY `phone` (`phone`)
) ENGINE=InnoDB AUTO_INCREMENT=101 DEFAULT CHARSET=utf8mb4 COLLATE=utf8mb4_unicode_ci COMMENT='Гости';

INSERT INTO `guests` (`id`, `first_name`, `last_name`, `email`, `phone`, `adress`, `details`) VALUES (1, 'Daija', 'Sporer', 'cloyd.reynolds@example.org', '173.326.9116x97966', '4209 Adams Unions Apt. 071\nNorth Judsonshire, FL 33919', 'Nostrum quia sed ipsum et.');
INSERT INTO `guests` (`id`, `first_name`, `last_name`, `email`, `phone`, `adress`, `details`) VALUES (2, 'Casandra', 'Abbott', 'fcummings@example.net', '544-410-2395x75487', '88236 Kevin Manors\nNorth Tamia, SC 60307-7105', 'Ad ea omnis placeat dolore et quibusdam cumque cupiditate.');
INSERT INTO `guests` (`id`, `first_name`, `last_name`, `email`, `phone`, `adress`, `details`) VALUES (3, 'Werner', 'Schiller', 'rwaters@example.net', '386.594.0337x359', '5360 Cartwright Heights Suite 686\nNorth Sadye, AL 11562-9730', 'Dolore dolor corrupti quia aut.');
INSERT INTO `guests` (`id`, `first_name`, `last_name`, `email`, `phone`, `adress`, `details`) VALUES (4, 'Tomas', 'Stroman', 'brooks.satterfield@example.com', '1-929-479-9592', '26009 Loma Gardens\nWymanstad, NM 57134-5488', 'Magni et maxime rem.');
INSERT INTO `guests` (`id`, `first_name`, `last_name`, `email`, `phone`, `adress`, `details`) VALUES (5, 'Liliane', 'Metz', 'eweissnat@example.com', '1-600-675-2043', '98183 Armstrong River\nHilllside, MN 93277', 'Nemo neque nostrum minus voluptatibus qui sequi et.');
INSERT INTO `guests` (`id`, `first_name`, `last_name`, `email`, `phone`, `adress`, `details`) VALUES (6, 'Timmy', 'Windler', 'finn88@example.org', '004.779.1989x2072', '918 Bernadette Spring\nSouth Gracefort, NY 92791-5536', 'Labore atque consequatur quas minus quia sed natus.');
INSERT INTO `guests` (`id`, `first_name`, `last_name`, `email`, `phone`, `adress`, `details`) VALUES (7, 'Arely', 'McLaughlin', 'valerie.schulist@example.org', '312.717.3219', '168 Altenwerth Trace Suite 199\nEast Hiram, NC 11360', 'Ad ipsum unde eius beatae enim iste.');
INSERT INTO `guests` (`id`, `first_name`, `last_name`, `email`, `phone`, `adress`, `details`) VALUES (8, 'Molly', 'Jacobson', 'newton05@example.org', '(727)191-4949x046', '5627 Towne Bypass\nNew Myrl, DE 94662-9320', 'Qui et facere omnis perferendis.');
INSERT INTO `guests` (`id`, `first_name`, `last_name`, `email`, `phone`, `adress`, `details`) VALUES (9, 'Gay', 'Effertz', 'emmerich.hal@example.org', '1-378-495-9607', '254 Trycia Pass\nGreenton, NH 90651-5425', 'Ea enim delectus nam qui necessitatibus.');
INSERT INTO `guests` (`id`, `first_name`, `last_name`, `email`, `phone`, `adress`, `details`) VALUES (10, 'Floy', 'Stehr', 'rkoepp@example.com', '+86(0)7571409705', '88901 Feest Pines Suite 625\nNew Randy, RI 24507', 'Praesentium rerum tempora aut sit consequatur commodi.');
INSERT INTO `guests` (`id`, `first_name`, `last_name`, `email`, `phone`, `adress`, `details`) VALUES (11, 'Rosalinda', 'Bogan', 'katelin.bogisich@example.com', '1-351-940-1174x0748', '809 Koss Dale Suite 322\nLake Roxanefort, OR 92683-2134', 'Soluta cumque a nemo facilis illo quis modi.');
INSERT INTO `guests` (`id`, `first_name`, `last_name`, `email`, `phone`, `adress`, `details`) VALUES (12, 'Sincere', 'Fadel', 'conroy.raymond@example.org', '1-702-282-0267x225', '05618 Tracy Courts\nGradyside, TX 48638-7299', 'Eos quia accusantium ut inventore voluptatem quis.');
INSERT INTO `guests` (`id`, `first_name`, `last_name`, `email`, `phone`, `adress`, `details`) VALUES (13, 'Reggie', 'Turner', 'ila70@example.net', '544.326.6326x03941', '969 Sipes Prairie Suite 717\nHuelsfurt, VA 10359-4236', 'Quos dolore veritatis quia animi vel nemo sit.');
INSERT INTO `guests` (`id`, `first_name`, `last_name`, `email`, `phone`, `adress`, `details`) VALUES (14, 'Mathilde', 'Renner', 'duane.streich@example.org', '(903)216-2468', '39584 Erdman Mountains Suite 043\nPort Sidney, MD 58338-4490', 'Distinctio deleniti et accusantium nobis.');
INSERT INTO `guests` (`id`, `first_name`, `last_name`, `email`, `phone`, `adress`, `details`) VALUES (15, 'Jaquelin', 'Anderson', 'desiree.fadel@example.com', '+51(1)6182808306', '3564 Amira Corners Apt. 233\nWest Suzanne, TX 31049-8608', 'Corporis enim cupiditate voluptatibus officiis voluptatem eveniet est.');
INSERT INTO `guests` (`id`, `first_name`, `last_name`, `email`, `phone`, `adress`, `details`) VALUES (16, 'Roxane', 'Kuhic', 'liam98@example.com', '764-913-7865x90105', '150 Friesen Groves\nNorth Deion, MD 92312', 'Temporibus sunt numquam facere molestias non est est.');
INSERT INTO `guests` (`id`, `first_name`, `last_name`, `email`, `phone`, `adress`, `details`) VALUES (17, 'Ollie', 'Simonis', 'godfrey.gaylord@example.net', '104.359.3290x0498', '901 Gracie Burgs Suite 172\nRolfsonport, AZ 22632', 'Voluptatum voluptatibus soluta et vero consequatur sit et.');
INSERT INTO `guests` (`id`, `first_name`, `last_name`, `email`, `phone`, `adress`, `details`) VALUES (18, 'Alda', 'Pagac', 'schmitt.norberto@example.com', '(081)622-3110x445', '5919 Leon Fords Apt. 830\nWest Beau, KY 04394-2265', 'Porro voluptatem necessitatibus neque iste non nobis.');
INSERT INTO `guests` (`id`, `first_name`, `last_name`, `email`, `phone`, `adress`, `details`) VALUES (19, 'Cortney', 'Robel', 'rice.jeff@example.com', '+16(8)2418681123', '4318 Sanford Extensions Apt. 429\nDevanteland, TN 22603', 'Consequatur eius animi consequatur molestias culpa aut sed.');
INSERT INTO `guests` (`id`, `first_name`, `last_name`, `email`, `phone`, `adress`, `details`) VALUES (20, 'Shaina', 'Bergstrom', 'rogers.stark@example.com', '1-875-726-1042x0923', '4793 Reilly Manors\nLemuelchester, TX 56894-7000', 'Deserunt sed id omnis occaecati.');
INSERT INTO `guests` (`id`, `first_name`, `last_name`, `email`, `phone`, `adress`, `details`) VALUES (21, 'Beryl', 'Pfeffer', 'stoltenberg.sophie@example.net', '018-844-1545', '138 Bernadine Parkway\nNorth Roycestad, ME 64905', 'Velit et dolorem voluptas quia in.');
INSERT INTO `guests` (`id`, `first_name`, `last_name`, `email`, `phone`, `adress`, `details`) VALUES (22, 'Myrna', 'Kautzer', 'jonatan60@example.org', '708.438.1859x4655', '82366 Meggie Ford\nSouth Hildegard, NC 09684', 'Placeat ea explicabo suscipit blanditiis velit aut.');
INSERT INTO `guests` (`id`, `first_name`, `last_name`, `email`, `phone`, `adress`, `details`) VALUES (23, 'Katharina', 'Cremin', 'lennie.olson@example.org', '245-547-6504x537', '0484 Maudie Club Apt. 176\nFrancisstad, NV 10137-5682', 'Totam et ea quasi inventore vel veniam iusto.');
INSERT INTO `guests` (`id`, `first_name`, `last_name`, `email`, `phone`, `adress`, `details`) VALUES (24, 'Stanley', 'Yost', 'bo.wintheiser@example.com', '05260382944', '3367 Welch Plaza\nPort Kevonhaven, HI 51878-9175', 'Quis quae ab eum neque voluptates explicabo saepe.');
INSERT INTO `guests` (`id`, `first_name`, `last_name`, `email`, `phone`, `adress`, `details`) VALUES (25, 'Dawson', 'Rippin', 'marlene.kessler@example.org', '(782)751-5827x322', '79676 Kennedy Stream\nHannashire, KS 02482', 'Nihil fugit sit eligendi officiis enim aut facere eos.');
INSERT INTO `guests` (`id`, `first_name`, `last_name`, `email`, `phone`, `adress`, `details`) VALUES (26, 'Shannon', 'Schowalter', 'joseph.simonis@example.com', '280-203-4523', '00512 Brakus Station Suite 121\nWest Noemie, NM 24074-7292', 'Consequatur sed molestiae doloribus quaerat nisi praesentium.');
INSERT INTO `guests` (`id`, `first_name`, `last_name`, `email`, `phone`, `adress`, `details`) VALUES (27, 'Donna', 'Robel', 'penelope97@example.net', '252-229-8210', '085 Bud Row\nSouth Lavonneburgh, ME 02125', 'Sint autem facilis aut laborum sed.');
INSERT INTO `guests` (`id`, `first_name`, `last_name`, `email`, `phone`, `adress`, `details`) VALUES (28, 'Rubie', 'Barrows', 'odach@example.org', '596-694-9158', '0314 Coleman River Suite 036\nSouth Hermanville, UT 12287-0679', 'Provident laboriosam minus eos ut in quibusdam officia.');
INSERT INTO `guests` (`id`, `first_name`, `last_name`, `email`, `phone`, `adress`, `details`) VALUES (29, 'Haylie', 'Langworth', 'jmante@example.net', '(369)933-8713x7139', '89926 Torphy Drives Apt. 081\nHandchester, WV 05102', 'Sit ea cumque ullam corrupti soluta.');
INSERT INTO `guests` (`id`, `first_name`, `last_name`, `email`, `phone`, `adress`, `details`) VALUES (30, 'Davonte', 'Tremblay', 'tmarvin@example.net', '483.686.5460', '53872 Koepp Camp\nAnaisberg, NJ 83886-0911', 'Officia exercitationem modi autem provident consequatur maxime quasi.');
INSERT INTO `guests` (`id`, `first_name`, `last_name`, `email`, `phone`, `adress`, `details`) VALUES (31, 'Earl', 'Haag', 'gardner72@example.com', '(817)756-9128x57483', '4835 Mertz Fields Apt. 565\nPort Selmerburgh, SC 50348', 'Doloremque voluptate illum eveniet vitae vitae est quis.');
INSERT INTO `guests` (`id`, `first_name`, `last_name`, `email`, `phone`, `adress`, `details`) VALUES (32, 'Richard', 'Goyette', 'nwalker@example.com', '(100)706-7298x712', '2582 Orn Islands\nNorth Jasenmouth, MD 57326-7714', 'Qui est delectus fugiat facere aut reiciendis nisi voluptatem.');
INSERT INTO `guests` (`id`, `first_name`, `last_name`, `email`, `phone`, `adress`, `details`) VALUES (33, 'Madelynn', 'Kuhic', 'johnson.art@example.org', '044-738-1470', '17939 Janae Ferry Apt. 622\nBotsfordville, TN 58322-1765', 'Ut voluptatem saepe et dolores nihil autem.');
INSERT INTO `guests` (`id`, `first_name`, `last_name`, `email`, `phone`, `adress`, `details`) VALUES (34, 'Parker', 'Dietrich', 'shanna.paucek@example.net', '(371)993-2654', '308 Erwin Lane Suite 161\nEast Misty, UT 17841-0979', 'Optio mollitia quia sed quaerat nesciunt ipsam.');
INSERT INTO `guests` (`id`, `first_name`, `last_name`, `email`, `phone`, `adress`, `details`) VALUES (35, 'Maye', 'Schimmel', 'bergnaum.megane@example.com', '1-848-757-5617x7541', '636 Dusty Meadows\nNew Zackaryburgh, GA 33790', 'Qui quam tempore dolor eveniet veniam.');
INSERT INTO `guests` (`id`, `first_name`, `last_name`, `email`, `phone`, `adress`, `details`) VALUES (36, 'Krystal', 'McDermott', 'nicholas.kuhlman@example.com', '(093)555-0031x5936', '05097 Farrell Mount\nSmithamview, MT 08068-2850', 'Voluptas quia soluta vitae molestiae.');
INSERT INTO `guests` (`id`, `first_name`, `last_name`, `email`, `phone`, `adress`, `details`) VALUES (37, 'Sonya', 'O\'Conner', 'corine.hilll@example.org', '+76(1)2454902155', '191 Johnathan Plaza\nBarrowshaven, HI 26717-2057', 'Rerum voluptas qui et molestias optio nisi.');
INSERT INTO `guests` (`id`, `first_name`, `last_name`, `email`, `phone`, `adress`, `details`) VALUES (38, 'Nella', 'Langosh', 'hayes.janie@example.com', '038.408.6012x2492', '14501 Gregoria Cliff\nHollieberg, DE 45199', 'Consectetur qui corporis et quo est facere minus.');
INSERT INTO `guests` (`id`, `first_name`, `last_name`, `email`, `phone`, `adress`, `details`) VALUES (39, 'Curt', 'Rowe', 'sawayn.floyd@example.org', '1-691-831-3689x130', '256 Jana Cliffs Apt. 389\nKristamouth, KY 14030', 'Illum omnis incidunt laudantium dolores recusandae ut.');
INSERT INTO `guests` (`id`, `first_name`, `last_name`, `email`, `phone`, `adress`, `details`) VALUES (40, 'Eulalia', 'Hermann', 'ezekiel18@example.org', '1-032-927-4953x5924', '494 Rodrick Way\nSipesburgh, OK 44477-6026', 'Hic modi et qui dolores repellendus.');
INSERT INTO `guests` (`id`, `first_name`, `last_name`, `email`, `phone`, `adress`, `details`) VALUES (41, 'Mallory', 'Lakin', 'harry36@example.net', '(115)437-7340x45986', '697 Cummerata Green\nLuisland, HI 47976', 'Magni expedita ea veritatis fugit.');
INSERT INTO `guests` (`id`, `first_name`, `last_name`, `email`, `phone`, `adress`, `details`) VALUES (42, 'Catherine', 'D\'Amore', 'jennifer79@example.com', '1-891-765-7829', '58216 Koelpin Junctions Suite 305\nPort Emorystad, ID 00387', 'Ut voluptates tenetur mollitia consequatur.');
INSERT INTO `guests` (`id`, `first_name`, `last_name`, `email`, `phone`, `adress`, `details`) VALUES (43, 'Kayli', 'Corwin', 'rosalia30@example.net', '218-731-3479x9975', '13573 Audie Rest\nLevifurt, AK 88642-3461', 'Voluptas recusandae nihil architecto reprehenderit natus sit.');
INSERT INTO `guests` (`id`, `first_name`, `last_name`, `email`, `phone`, `adress`, `details`) VALUES (44, 'Jane', 'Pollich', 'xzavier.walter@example.com', '1-285-348-6534', '4217 Jayme Ports Apt. 630\nAlbertchester, WI 05006', 'Deleniti possimus voluptas quisquam et officia.');
INSERT INTO `guests` (`id`, `first_name`, `last_name`, `email`, `phone`, `adress`, `details`) VALUES (45, 'Bernard', 'Reichert', 'udoyle@example.net', '1-011-587-6750x18565', '73102 Beau Coves\nJarenfurt, PA 67043', 'Quae dicta ab ad aliquid et qui soluta omnis.');
INSERT INTO `guests` (`id`, `first_name`, `last_name`, `email`, `phone`, `adress`, `details`) VALUES (46, 'Stephanie', 'Tillman', 'kessler.april@example.com', '023.997.4425x8969', '408 Crist Glens Apt. 093\nDarronland, NH 50335-0044', 'Praesentium labore qui pariatur ex.');
INSERT INTO `guests` (`id`, `first_name`, `last_name`, `email`, `phone`, `adress`, `details`) VALUES (47, 'Christ', 'Parisian', 'magdalen32@example.com', '888.873.4606', '40702 Lavina Wells\nPort Kellenview, WV 48352', 'Vel atque aut labore ea consectetur doloremque.');
INSERT INTO `guests` (`id`, `first_name`, `last_name`, `email`, `phone`, `adress`, `details`) VALUES (48, 'Zola', 'Krajcik', 'bolson@example.org', '011.817.3070x65039', '6636 Khalil Cape\nLindburgh, TN 92177', 'Pariatur aut asperiores quo esse impedit dolores impedit.');
INSERT INTO `guests` (`id`, `first_name`, `last_name`, `email`, `phone`, `adress`, `details`) VALUES (49, 'Elton', 'Medhurst', 'mraz.leda@example.net', '(700)040-7716x7297', '20549 Kelsie Ways Suite 739\nPort Marta, CO 06734', 'Aut earum dignissimos voluptates eaque dolorem.');
INSERT INTO `guests` (`id`, `first_name`, `last_name`, `email`, `phone`, `adress`, `details`) VALUES (50, 'Lydia', 'Kerluke', 'daphney07@example.org', '03848334619', '7849 Alvera Centers Suite 110\nMarielleport, KY 85874-5756', 'Non voluptas eos enim quos architecto voluptatem.');
INSERT INTO `guests` (`id`, `first_name`, `last_name`, `email`, `phone`, `adress`, `details`) VALUES (51, 'Emmanuelle', 'Treutel', 'damaris.stark@example.org', '1-968-472-1835', '19805 Jacynthe Unions\nFishermouth, WA 44795', 'Dolor sequi et possimus architecto esse odio quis.');
INSERT INTO `guests` (`id`, `first_name`, `last_name`, `email`, `phone`, `adress`, `details`) VALUES (52, 'Adela', 'O\'Kon', 'seth.heaney@example.com', '+99(7)3176970883', '812 Jayce View\nLake Kimberly, KY 66445', 'Tenetur voluptatem laboriosam quas et ipsa facere eligendi illum.');
INSERT INTO `guests` (`id`, `first_name`, `last_name`, `email`, `phone`, `adress`, `details`) VALUES (53, 'Albina', 'Von', 'dmcclure@example.com', '151-187-8968x9657', '0269 Baumbach Greens\nLake Omertown, MA 31520', 'Est assumenda et laborum.');
INSERT INTO `guests` (`id`, `first_name`, `last_name`, `email`, `phone`, `adress`, `details`) VALUES (54, 'Fannie', 'Welch', 'simonis.creola@example.org', '(748)950-0614x724', '29509 Caleb Falls\nKyliefort, RI 99682', 'Dolore maxime aliquam quia et eos.');
INSERT INTO `guests` (`id`, `first_name`, `last_name`, `email`, `phone`, `adress`, `details`) VALUES (55, 'Mable', 'Hauck', 'hayes.johann@example.net', '057-300-1799x459', '927 Kamron Stravenue\nOrtizshire, NH 80426-1993', 'Minus dolores voluptatem consequatur quaerat consequatur repudiandae explicabo.');
INSERT INTO `guests` (`id`, `first_name`, `last_name`, `email`, `phone`, `adress`, `details`) VALUES (56, 'Eldora', 'Mertz', 'elva.heidenreich@example.net', '+43(7)7425327146', '265 Pacocha Extension Suite 397\nPort Chesley, NM 19616-1454', 'Ut id ut harum atque autem quas sequi.');
INSERT INTO `guests` (`id`, `first_name`, `last_name`, `email`, `phone`, `adress`, `details`) VALUES (57, 'Astrid', 'Hodkiewicz', 'lue76@example.com', '320.161.6715x611', '68430 Reynolds Shoal Suite 349\nLake Marianneburgh, AK 60603-1650', 'Omnis recusandae hic magni unde itaque corrupti quos.');
INSERT INTO `guests` (`id`, `first_name`, `last_name`, `email`, `phone`, `adress`, `details`) VALUES (58, 'Enrico', 'Leannon', 'madilyn.parisian@example.org', '1-428-979-9558x1974', '8632 Hirthe Drive\nNitzschehaven, SC 62029', 'Odio aliquam voluptas ducimus accusamus et.');
INSERT INTO `guests` (`id`, `first_name`, `last_name`, `email`, `phone`, `adress`, `details`) VALUES (59, 'Lacey', 'Oberbrunner', 'adan.glover@example.net', '(272)321-9920', '7200 Russel Junctions Suite 131\nWeissnathaven, NH 68011-3602', 'Autem provident voluptatibus exercitationem odio consectetur.');
INSERT INTO `guests` (`id`, `first_name`, `last_name`, `email`, `phone`, `adress`, `details`) VALUES (60, 'Stone', 'Donnelly', 'wolf.keven@example.com', '+17(0)8048965184', '308 Brielle River\nFaheymouth, UT 06168-8007', 'Voluptatem itaque non eaque perspiciatis.');
INSERT INTO `guests` (`id`, `first_name`, `last_name`, `email`, `phone`, `adress`, `details`) VALUES (61, 'Dylan', 'Crona', 'adelia99@example.net', '294-508-3442', '95875 Schroeder Points Apt. 559\nPort Malliebury, MO 54061-7414', 'Voluptatibus adipisci sapiente fugiat commodi qui necessitatibus qui quidem.');
INSERT INTO `guests` (`id`, `first_name`, `last_name`, `email`, `phone`, `adress`, `details`) VALUES (62, 'Kariane', 'Breitenberg', 'mante.tom@example.com', '1-598-031-6103x8864', '994 Spinka Harbors Suite 734\nHackettborough, RI 90085', 'Alias in consectetur tempora amet.');
INSERT INTO `guests` (`id`, `first_name`, `last_name`, `email`, `phone`, `adress`, `details`) VALUES (63, 'Kobe', 'Sauer', 'dina.lakin@example.com', '049-588-4903x68867', '339 Skiles Green\nYosttown, SD 49498', 'Eos repudiandae natus ut incidunt repudiandae.');
INSERT INTO `guests` (`id`, `first_name`, `last_name`, `email`, `phone`, `adress`, `details`) VALUES (64, 'Walter', 'Schroeder', 'bernita90@example.com', '984-787-3324x93772', '4048 Oswald Ridge Suite 886\nMeaganshire, TX 50083-6357', 'Nesciunt veniam sunt et dolor fuga et.');
INSERT INTO `guests` (`id`, `first_name`, `last_name`, `email`, `phone`, `adress`, `details`) VALUES (65, 'Hilton', 'Daniel', 'georgette.bernier@example.com', '1-995-015-1251x603', '15773 Stracke Fields Suite 308\nChristiansenberg, AK 44592-1892', 'Et architecto tempore facere molestiae labore aut illum.');
INSERT INTO `guests` (`id`, `first_name`, `last_name`, `email`, `phone`, `adress`, `details`) VALUES (66, 'Mireya', 'Braun', 'maye43@example.org', '688-811-1896x97719', '86367 Wyman Locks Suite 447\nPort Hilario, WI 46107', 'Repudiandae assumenda at et asperiores esse in aliquid.');
INSERT INTO `guests` (`id`, `first_name`, `last_name`, `email`, `phone`, `adress`, `details`) VALUES (67, 'Alfreda', 'Vandervort', 'ruby60@example.com', '+52(2)5602039931', '692 Pacocha Road Suite 444\nLockmanville, NE 57083', 'Est mollitia architecto ut impedit ut repellendus.');
INSERT INTO `guests` (`id`, `first_name`, `last_name`, `email`, `phone`, `adress`, `details`) VALUES (68, 'Wade', 'Hills', 'thiel.shana@example.org', '998-087-7799x83152', '37110 Bartholome Walks Apt. 753\nNorth Reyna, RI 19294', 'Enim velit aut distinctio in.');
INSERT INTO `guests` (`id`, `first_name`, `last_name`, `email`, `phone`, `adress`, `details`) VALUES (69, 'Myrtice', 'Morissette', 'lourdes.ankunding@example.org', '996.301.2363', '094 Carlotta Greens\nTremblaybury, ME 15246', 'Velit et alias ad consectetur eveniet ratione perferendis.');
INSERT INTO `guests` (`id`, `first_name`, `last_name`, `email`, `phone`, `adress`, `details`) VALUES (70, 'Christy', 'Sauer', 'zyost@example.net', '(367)669-8141', '680 Lina Freeway Apt. 154\nOrtizmouth, WY 58584', 'Ratione et maiores consequatur sequi consequatur.');
INSERT INTO `guests` (`id`, `first_name`, `last_name`, `email`, `phone`, `adress`, `details`) VALUES (71, 'Jonatan', 'Mohr', 'karen.mante@example.net', '250-842-8601x790', '5233 Nolan Mill Suite 261\nNorth Ryleighville, NM 16089', 'Unde maxime error eius dolore.');
INSERT INTO `guests` (`id`, `first_name`, `last_name`, `email`, `phone`, `adress`, `details`) VALUES (72, 'Dee', 'Lubowitz', 'dhodkiewicz@example.com', '041-199-5644', '048 Torp Brooks Apt. 921\nTreborough, DC 71973', 'Nemo sequi aut autem commodi aliquam sit.');
INSERT INTO `guests` (`id`, `first_name`, `last_name`, `email`, `phone`, `adress`, `details`) VALUES (73, 'Vita', 'Green', 'xmurray@example.com', '02501202819', '804 Elmira Gateway Suite 575\nRuthberg, MT 64687-7917', 'Placeat architecto doloribus vero accusantium animi dolores fugiat.');
INSERT INTO `guests` (`id`, `first_name`, `last_name`, `email`, `phone`, `adress`, `details`) VALUES (74, 'Gracie', 'Purdy', 'koch.consuelo@example.com', '640.320.8939', '4511 Adolphus Springs Suite 284\nNorth Reillystad, NM 10927', 'Est assumenda in omnis rerum atque est dignissimos earum.');
INSERT INTO `guests` (`id`, `first_name`, `last_name`, `email`, `phone`, `adress`, `details`) VALUES (75, 'Ashlynn', 'Senger', 'lschuster@example.org', '188-289-5458', '6330 Bashirian Loop\nCliftonfurt, IA 80223-1497', 'Excepturi et dolor minima aperiam quo laborum et.');
INSERT INTO `guests` (`id`, `first_name`, `last_name`, `email`, `phone`, `adress`, `details`) VALUES (76, 'Vernie', 'Olson', 'cassin.edythe@example.net', '(492)849-9921', '755 Emery Crest Apt. 007\nBradtkeberg, TX 65155', 'Quo officia unde eaque explicabo necessitatibus nihil sunt.');
INSERT INTO `guests` (`id`, `first_name`, `last_name`, `email`, `phone`, `adress`, `details`) VALUES (77, 'Ward', 'Steuber', 'fadams@example.net', '+43(6)6149419270', '2067 Marvin Way\nMichelchester, PA 40686-3676', 'Voluptatem debitis a laborum numquam explicabo illum magni.');
INSERT INTO `guests` (`id`, `first_name`, `last_name`, `email`, `phone`, `adress`, `details`) VALUES (78, 'Jazmin', 'Wyman', 'erdman.juston@example.com', '(917)545-6375x053', '646 Brekke Road\nFelixfurt, MI 58275', 'Voluptatibus aperiam illo eius ipsam iste non.');
INSERT INTO `guests` (`id`, `first_name`, `last_name`, `email`, `phone`, `adress`, `details`) VALUES (79, 'Cydney', 'Lindgren', 'abernathy.frederique@example.net', '1-719-379-0194x013', '687 Katlynn Squares Suite 653\nPort Aubrey, DE 12832', 'Facilis exercitationem voluptas earum voluptates laborum quia.');
INSERT INTO `guests` (`id`, `first_name`, `last_name`, `email`, `phone`, `adress`, `details`) VALUES (80, 'Easton', 'Spencer', 'ytreutel@example.com', '1-999-264-4771x81110', '618 Hank Walks\nSchneiderchester, KS 21385-3064', 'Enim rem labore quia adipisci tempore alias sapiente praesentium.');
INSERT INTO `guests` (`id`, `first_name`, `last_name`, `email`, `phone`, `adress`, `details`) VALUES (81, 'Mustafa', 'Davis', 'ukuhic@example.net', '783-345-6141x4316', '34261 Tracy Overpass Suite 971\nWest Maryamport, SC 41104', 'Fuga ut vero dolorum et voluptatem animi.');
INSERT INTO `guests` (`id`, `first_name`, `last_name`, `email`, `phone`, `adress`, `details`) VALUES (82, 'Grant', 'Boehm', 'idella.brown@example.org', '865.381.7711', '712 Joanne Passage Apt. 702\nPort Ashtonburgh, OK 26707', 'Unde aut consequatur porro.');
INSERT INTO `guests` (`id`, `first_name`, `last_name`, `email`, `phone`, `adress`, `details`) VALUES (83, 'Scarlett', 'Champlin', 'ztoy@example.org', '(643)825-5161', '27811 Mertie Ways Apt. 309\nEast Marty, UT 26385-4189', 'Aut qui quae qui dolor.');
INSERT INTO `guests` (`id`, `first_name`, `last_name`, `email`, `phone`, `adress`, `details`) VALUES (84, 'Lilliana', 'Bradtke', 'frida.ankunding@example.com', '433.009.6306', '7845 Derek Knoll Suite 186\nHamillton, TX 56190', 'Dolorem incidunt voluptas unde at nostrum ipsa.');
INSERT INTO `guests` (`id`, `first_name`, `last_name`, `email`, `phone`, `adress`, `details`) VALUES (85, 'Ulises', 'Jacobson', 'erik25@example.net', '1-964-671-1638', '1697 Margret Turnpike Apt. 779\nChristianmouth, MN 96480-7068', 'Amet quae voluptas tempore eveniet error quis tempore.');
INSERT INTO `guests` (`id`, `first_name`, `last_name`, `email`, `phone`, `adress`, `details`) VALUES (86, 'Adell', 'Strosin', 'keegan81@example.net', '(223)812-7873x37546', '6221 Gorczany Gateway Apt. 085\nLuettgenburgh, NH 08187-5215', 'Pariatur ducimus exercitationem corrupti aut qui maiores esse sunt.');
INSERT INTO `guests` (`id`, `first_name`, `last_name`, `email`, `phone`, `adress`, `details`) VALUES (87, 'Moises', 'Collins', 'lyda.spinka@example.org', '+05(5)1014733719', '02135 Rempel Ridge Suite 571\nAuerland, TX 93973-9554', 'Ut animi sunt sequi qui et facilis.');
INSERT INTO `guests` (`id`, `first_name`, `last_name`, `email`, `phone`, `adress`, `details`) VALUES (88, 'Era', 'Botsford', 'dayne16@example.com', '1-402-793-0065x6845', '043 Kyla Summit\nSouth Kendallton, MI 93090-6230', 'Est nesciunt delectus ut.');
INSERT INTO `guests` (`id`, `first_name`, `last_name`, `email`, `phone`, `adress`, `details`) VALUES (89, 'Michaela', 'Corkery', 'maxine.berge@example.net', '262-763-7433x314', '7009 Catalina Bridge\nAdrainchester, TN 07448', 'Eos velit qui debitis aut nulla iure.');
INSERT INTO `guests` (`id`, `first_name`, `last_name`, `email`, `phone`, `adress`, `details`) VALUES (90, 'Walker', 'Witting', 'boyle.brad@example.net', '(463)090-8838x7323', '1614 Ursula Knoll\nWest Kristyland, NE 37658', 'Voluptatem voluptatum et est et quos error.');
INSERT INTO `guests` (`id`, `first_name`, `last_name`, `email`, `phone`, `adress`, `details`) VALUES (91, 'Nicole', 'Mann', 'carole74@example.org', '+13(6)1968556214', '0490 Kirlin Common\nHeidenreichchester, OH 61300-3405', 'Enim atque facilis quae nostrum molestias modi debitis doloremque.');
INSERT INTO `guests` (`id`, `first_name`, `last_name`, `email`, `phone`, `adress`, `details`) VALUES (92, 'Stephen', 'Blanda', 'candelario44@example.com', '157.045.1061x409', '7009 Jovanny Terrace Apt. 463\nKirlinshire, MI 99114', 'Deleniti ut assumenda et ea aut.');
INSERT INTO `guests` (`id`, `first_name`, `last_name`, `email`, `phone`, `adress`, `details`) VALUES (93, 'Dana', 'Pagac', 'tyrese.prohaska@example.com', '(706)202-3348x2300', '05990 Stark Inlet\nEast Jordynchester, MS 74725', 'Recusandae cumque consequatur in accusantium.');
INSERT INTO `guests` (`id`, `first_name`, `last_name`, `email`, `phone`, `adress`, `details`) VALUES (94, 'Marlon', 'Bernhard', 'portiz@example.org', '(877)220-2686', '46938 Sibyl Cliff Apt. 922\nMetzshire, TN 66814', 'Consectetur fugiat iste eum ullam dolor sed inventore qui.');
INSERT INTO `guests` (`id`, `first_name`, `last_name`, `email`, `phone`, `adress`, `details`) VALUES (95, 'Prudence', 'McGlynn', 'marie.runte@example.org', '163.774.5662x69745', '03807 Lang Locks\nElizabethbury, AL 57409-0000', 'Velit nihil animi sequi perferendis odio ea aut praesentium.');
INSERT INTO `guests` (`id`, `first_name`, `last_name`, `email`, `phone`, `adress`, `details`) VALUES (96, 'Luigi', 'Mante', 'paolo.prosacco@example.com', '402.901.7675', '090 Kariane Lane\nTremainemouth, UT 17771-8841', 'Dicta amet eos aut ad.');
INSERT INTO `guests` (`id`, `first_name`, `last_name`, `email`, `phone`, `adress`, `details`) VALUES (97, 'Andy', 'Gerhold', 'trevor19@example.org', '653-940-6002x426', '538 Harris Spring\nLaceyland, KS 75704-0061', 'Aut aut dolores autem eum mollitia nisi voluptatem.');
INSERT INTO `guests` (`id`, `first_name`, `last_name`, `email`, `phone`, `adress`, `details`) VALUES (98, 'Nicholaus', 'Hahn', 'federico40@example.com', '+49(9)1652616802', '38717 Gulgowski Wall Apt. 031\nSouth Retta, OK 59483-9735', 'Aliquid ut esse cupiditate vitae expedita.');
INSERT INTO `guests` (`id`, `first_name`, `last_name`, `email`, `phone`, `adress`, `details`) VALUES (99, 'Mckenna', 'Sawayn', 'jamey.osinski@example.com', '981.014.5841x0865', '3578 Langosh Place Apt. 010\nLangworthstad, AL 13412', 'Ea nesciunt quisquam adipisci odit quaerat adipisci dicta.');
INSERT INTO `guests` (`id`, `first_name`, `last_name`, `email`, `phone`, `adress`, `details`) VALUES (100, 'Gudrun', 'O\'Connell', 'della24@example.net', '744-241-9397x752', '78505 Emmie Expressway\nWest Valliestad, MD 81867', 'Voluptatem nihil eos culpa deserunt qui.');


#
# TABLE STRUCTURE FOR: hotels
#

DROP TABLE IF EXISTS `hotels`;

CREATE TABLE `hotels` (
  `id` int(10) unsigned NOT NULL AUTO_INCREMENT COMMENT 'Идентификатор строки',
  `hotel_name` varchar(100) COLLATE utf8mb4_unicode_ci NOT NULL COMMENT 'Название отеля',
  `hotel_description` text COLLATE utf8mb4_unicode_ci DEFAULT NULL COMMENT 'Описание отеля',
  `category_id` int(10) unsigned NOT NULL COMMENT 'Ссылка на категорию отеля',
  `adress_id` int(10) unsigned NOT NULL COMMENT 'Ссылка на адрес отеля',
  `email` varchar(100) COLLATE utf8mb4_unicode_ci NOT NULL COMMENT 'Почта',
  `phone` varchar(100) COLLATE utf8mb4_unicode_ci NOT NULL COMMENT 'Телефон',
  `is_active` tinyint(1) NOT NULL COMMENT 'Состояние отеля: работает или нет',
  PRIMARY KEY (`id`),
  UNIQUE KEY `hotel_name` (`hotel_name`),
  UNIQUE KEY `email` (`email`),
  UNIQUE KEY `phone` (`phone`),
  KEY `hotels_category_id_fk` (`category_id`),
  KEY `hotels_adress_id_fk` (`adress_id`),
  CONSTRAINT `hotels_adress_id_fk` FOREIGN KEY (`adress_id`) REFERENCES `hotels_adresses` (`id`),
  CONSTRAINT `hotels_category_id_fk` FOREIGN KEY (`category_id`) REFERENCES `hotels_categories` (`id`)
) ENGINE=InnoDB AUTO_INCREMENT=101 DEFAULT CHARSET=utf8mb4 COLLATE=utf8mb4_unicode_ci COMMENT='Отели';

INSERT INTO `hotels` (`id`, `hotel_name`, `hotel_description`, `category_id`, `adress_id`, `email`, `phone`, `is_active`) VALUES (1, 'et', 'Quas occaecati corporis dicta nemo dolorum. Officia voluptas dolore debitis est magni minus. Facere adipisci harum tempore optio. Consectetur rerum facere odio porro facere non.', 1, 42, 'cheyanne.hyatt@example.net', '839.281.5253x7232', 0);
INSERT INTO `hotels` (`id`, `hotel_name`, `hotel_description`, `category_id`, `adress_id`, `email`, `phone`, `is_active`) VALUES (2, 'voluptas', 'Et sapiente illo consequatur dignissimos. Sit eius sint beatae occaecati voluptatem dolorem. Autem magnam qui quidem consequuntur ipsum.', 4, 27, 'jaltenwerth@example.org', '1-557-940-6679x222', 1);
INSERT INTO `hotels` (`id`, `hotel_name`, `hotel_description`, `category_id`, `adress_id`, `email`, `phone`, `is_active`) VALUES (3, 'consequatur', 'Et cumque et aliquam quisquam corrupti. Qui voluptas repudiandae cumque est error. Tempora debitis autem perspiciatis ipsam. Ratione quos neque ducimus optio sunt rerum.', 3, 83, 'baufderhar@example.net', '07128397896', 1);
INSERT INTO `hotels` (`id`, `hotel_name`, `hotel_description`, `category_id`, `adress_id`, `email`, `phone`, `is_active`) VALUES (4, 'atque', 'Voluptatem voluptatem earum eligendi harum vel qui non. Voluptas unde quibusdam reiciendis dolores qui iure. Aliquam fugiat rerum quod labore error voluptas ut.', 2, 85, 'eichmann.ashlynn@example.org', '+66(1)3011477897', 1);
INSERT INTO `hotels` (`id`, `hotel_name`, `hotel_description`, `category_id`, `adress_id`, `email`, `phone`, `is_active`) VALUES (5, 'ad', 'Ea voluptatum consequatur unde vitae quia non dolor. Enim ipsam qui vel ea molestias aliquid. Laborum nam dolore sed sequi et reiciendis repellat. Magnam enim suscipit dolorem voluptas accusamus dicta.', 1, 22, 'millie.cremin@example.net', '1-585-325-4436', 1);
INSERT INTO `hotels` (`id`, `hotel_name`, `hotel_description`, `category_id`, `adress_id`, `email`, `phone`, `is_active`) VALUES (6, 'ex', 'Nemo minus quia numquam incidunt perspiciatis officia. Aspernatur cumque corrupti magnam quia quia laborum. Vel minus id consequatur quo facere velit ipsa.', 5, 39, 'marvin.bauch@example.org', '(096)433-9838x42567', 0);
INSERT INTO `hotels` (`id`, `hotel_name`, `hotel_description`, `category_id`, `adress_id`, `email`, `phone`, `is_active`) VALUES (7, 'eum', 'Ipsam harum error autem omnis rerum ipsum. Id labore et ut laborum velit. Tempore quia labore mollitia hic vero aliquam. Nobis corrupti sunt et quasi.', 2, 43, 'haag.luciano@example.org', '(858)789-2543', 1);
INSERT INTO `hotels` (`id`, `hotel_name`, `hotel_description`, `category_id`, `adress_id`, `email`, `phone`, `is_active`) VALUES (8, 'illo', 'Perspiciatis quos aut culpa sint accusantium consequatur qui. Animi et voluptas distinctio doloremque commodi quo quis. Aut error id impedit facilis hic ut. Rem velit sint enim.', 2, 7, 'retha.langosh@example.org', '1-926-251-8927', 1);
INSERT INTO `hotels` (`id`, `hotel_name`, `hotel_description`, `category_id`, `adress_id`, `email`, `phone`, `is_active`) VALUES (9, 'exercitationem', 'Dolorum nesciunt laboriosam aut quia ipsam ea. Architecto ipsum voluptas sint laboriosam. Rem veniam maxime rerum. Nihil tempora delectus enim repudiandae.', 3, 70, 'melisa.borer@example.com', '684.982.2852x66963', 1);
INSERT INTO `hotels` (`id`, `hotel_name`, `hotel_description`, `category_id`, `adress_id`, `email`, `phone`, `is_active`) VALUES (10, 'beatae', 'In natus ab ducimus voluptas laudantium optio. Hic aut quae perferendis in amet reprehenderit. Modi laborum dolores reiciendis et.', 4, 95, 'israel.schuster@example.org', '198-303-3658x27336', 1);
INSERT INTO `hotels` (`id`, `hotel_name`, `hotel_description`, `category_id`, `adress_id`, `email`, `phone`, `is_active`) VALUES (11, 'tenetur', 'Dolores facilis quod tenetur vel fugit. Placeat quasi aut sed consequatur voluptate et. Praesentium est consequatur perferendis possimus doloribus nostrum.', 4, 99, 'hauck.gavin@example.org', '129-280-5604x5416', 1);
INSERT INTO `hotels` (`id`, `hotel_name`, `hotel_description`, `category_id`, `adress_id`, `email`, `phone`, `is_active`) VALUES (12, 'sunt', 'Qui sequi facere aut nihil dolores consectetur sed. Et quia tempora odit aperiam. Voluptatum necessitatibus odit aut dolore. Harum ipsum ut repellat sit.', 1, 49, 'patience.prohaska@example.org', '1-255-674-6262x38831', 1);
INSERT INTO `hotels` (`id`, `hotel_name`, `hotel_description`, `category_id`, `adress_id`, `email`, `phone`, `is_active`) VALUES (13, 'neque', 'Impedit quia similique dolorum non quaerat. Ipsam voluptates vel fugiat quod dolorem iure voluptatum. Blanditiis est minus et nam. Ipsa a deleniti alias quia rem neque consequatur.', 5, 25, 'ikiehn@example.net', '02829110355', 1);
INSERT INTO `hotels` (`id`, `hotel_name`, `hotel_description`, `category_id`, `adress_id`, `email`, `phone`, `is_active`) VALUES (14, 'nesciunt', 'Quisquam consequatur eligendi sit eius sunt. In dolorem molestiae quia enim consequatur ab. Iure nam vitae omnis libero sit veniam.', 4, 44, 'dlynch@example.com', '(464)314-7077x0176', 1);
INSERT INTO `hotels` (`id`, `hotel_name`, `hotel_description`, `category_id`, `adress_id`, `email`, `phone`, `is_active`) VALUES (15, 'cumque', 'Atque quia architecto aliquid a molestiae quo reiciendis. Eum odit temporibus hic tenetur aperiam neque. Fuga omnis corrupti a eum autem laboriosam. Vero qui et sed consequatur.', 5, 58, 'kuvalis.maverick@example.net', '621.891.6942', 0);
INSERT INTO `hotels` (`id`, `hotel_name`, `hotel_description`, `category_id`, `adress_id`, `email`, `phone`, `is_active`) VALUES (16, 'ut', 'Libero ut sint enim ipsum. Est quis possimus nostrum consequatur. Et dicta corporis nemo nisi. Earum sit recusandae et ipsa exercitationem omnis. Et asperiores repellat alias quas aliquid.', 4, 8, 'yreinger@example.net', '1-774-212-8393x04503', 1);
INSERT INTO `hotels` (`id`, `hotel_name`, `hotel_description`, `category_id`, `adress_id`, `email`, `phone`, `is_active`) VALUES (17, 'reiciendis', 'Sequi id odit eius adipisci eos. At quia ea exercitationem exercitationem pariatur. Quasi est dolore temporibus sed ea.', 5, 39, 'swaniawski.willy@example.net', '+19(4)0148775126', 1);
INSERT INTO `hotels` (`id`, `hotel_name`, `hotel_description`, `category_id`, `adress_id`, `email`, `phone`, `is_active`) VALUES (18, 'rerum', 'Animi veniam et ea possimus nemo. Nisi corrupti odit vel tempora. Id minus laudantium hic maiores commodi animi. Voluptatibus ea accusamus sit illum.', 2, 50, 'cnolan@example.org', '334-065-9543x86483', 1);
INSERT INTO `hotels` (`id`, `hotel_name`, `hotel_description`, `category_id`, `adress_id`, `email`, `phone`, `is_active`) VALUES (19, 'pariatur', 'Pariatur quibusdam voluptatem dolor eos et. Fugit ex ratione ipsum quia dolores. Commodi minus aut ut enim. Commodi eos minus dolores qui.', 2, 58, 'sandy42@example.net', '(049)732-2153x70369', 1);
INSERT INTO `hotels` (`id`, `hotel_name`, `hotel_description`, `category_id`, `adress_id`, `email`, `phone`, `is_active`) VALUES (20, 'ducimus', 'A totam numquam sed sit. Fugit modi assumenda ipsa cupiditate voluptatem assumenda nobis.', 2, 40, 'littel.brittany@example.com', '647-396-2490x8321', 1);
INSERT INTO `hotels` (`id`, `hotel_name`, `hotel_description`, `category_id`, `adress_id`, `email`, `phone`, `is_active`) VALUES (21, 'dolor', 'Vitae qui adipisci dolor velit rerum aliquid. Rerum alias quia voluptatum ea. Similique error est officiis maiores. Aut ut reprehenderit nemo voluptatem aut rerum.', 4, 18, 'jenifer19@example.com', '395-815-6154x40022', 0);
INSERT INTO `hotels` (`id`, `hotel_name`, `hotel_description`, `category_id`, `adress_id`, `email`, `phone`, `is_active`) VALUES (22, 'dicta', 'Veritatis id eligendi neque quisquam et. Eius beatae laboriosam est. Quae cupiditate eum commodi blanditiis quasi.', 4, 3, 'ndickinson@example.org', '1-941-905-0871', 1);
INSERT INTO `hotels` (`id`, `hotel_name`, `hotel_description`, `category_id`, `adress_id`, `email`, `phone`, `is_active`) VALUES (23, 'dolorem', 'Vitae eveniet ex eaque neque asperiores. Eius facilis ab voluptatibus id minus.', 3, 16, 'leonora57@example.com', '1-517-161-4841x9764', 1);
INSERT INTO `hotels` (`id`, `hotel_name`, `hotel_description`, `category_id`, `adress_id`, `email`, `phone`, `is_active`) VALUES (24, 'sed', 'Dicta fugit et commodi ipsa voluptatem. Quas mollitia aut sunt inventore quibusdam at aut. Tempora animi facilis dolor repellendus a autem.', 1, 7, 'hudson.muriel@example.org', '1-051-459-6695x02354', 1);
INSERT INTO `hotels` (`id`, `hotel_name`, `hotel_description`, `category_id`, `adress_id`, `email`, `phone`, `is_active`) VALUES (25, 'repellendus', 'Est non tempore molestiae repellendus. Sit officia minima porro et neque ipsa. Repellat laboriosam aut quas dolores autem deserunt quia vero. Cupiditate non voluptas nam et nihil.', 5, 80, 'wendy.fritsch@example.com', '07265779416', 1);
INSERT INTO `hotels` (`id`, `hotel_name`, `hotel_description`, `category_id`, `adress_id`, `email`, `phone`, `is_active`) VALUES (26, 'occaecati', 'Praesentium nisi dolores atque eum atque natus suscipit. Modi vero voluptate voluptatum tempora voluptas. Cumque ex consequuntur perspiciatis. Harum nobis eveniet saepe maiores ratione et.', 1, 52, 'ferry.gerardo@example.org', '1-791-483-8459x9004', 1);
INSERT INTO `hotels` (`id`, `hotel_name`, `hotel_description`, `category_id`, `adress_id`, `email`, `phone`, `is_active`) VALUES (27, 'esse', 'Quia provident dolor nihil sequi sint assumenda quod. Sunt et ut odit ducimus aut. Ipsam amet vero necessitatibus dignissimos qui nihil quibusdam. Fugiat sunt voluptas asperiores ullam. Culpa corrupti eum velit eum soluta.', 4, 5, 'mosciski.bertha@example.com', '728.375.8606x0326', 1);
INSERT INTO `hotels` (`id`, `hotel_name`, `hotel_description`, `category_id`, `adress_id`, `email`, `phone`, `is_active`) VALUES (28, 'distinctio', 'Necessitatibus quod aut sit fuga itaque. Sit ut adipisci est dolor sint et. Magnam sed omnis sit cumque voluptas assumenda exercitationem ut.', 1, 68, 'elouise90@example.org', '650-963-7043x00900', 1);
INSERT INTO `hotels` (`id`, `hotel_name`, `hotel_description`, `category_id`, `adress_id`, `email`, `phone`, `is_active`) VALUES (29, 'delectus', 'Et aut quia delectus doloremque. Occaecati possimus repellat quasi corporis aut accusantium. Qui qui nulla repellendus omnis asperiores. Reiciendis autem repellat nam quis.', 2, 77, 'ryan82@example.net', '1-647-303-3920x749', 1);
INSERT INTO `hotels` (`id`, `hotel_name`, `hotel_description`, `category_id`, `adress_id`, `email`, `phone`, `is_active`) VALUES (30, 'labore', 'Velit veniam enim tempora voluptas. Ut sit nostrum iusto repudiandae commodi unde voluptatem. Quidem rerum necessitatibus soluta sed totam aut. Nihil non maiores quia voluptatem veniam.', 1, 21, 'emaggio@example.com', '04402457795', 1);
INSERT INTO `hotels` (`id`, `hotel_name`, `hotel_description`, `category_id`, `adress_id`, `email`, `phone`, `is_active`) VALUES (31, 'blanditiis', 'Optio aut accusamus voluptatum aut. Dolor impedit voluptate ut accusamus.', 2, 81, 'kali.lehner@example.net', '041-063-6627', 1);
INSERT INTO `hotels` (`id`, `hotel_name`, `hotel_description`, `category_id`, `adress_id`, `email`, `phone`, `is_active`) VALUES (32, 'ipsum', 'Quibusdam ut soluta incidunt ut sit. Laboriosam voluptas maxime facere similique saepe sint consequuntur velit. Molestiae deserunt delectus quia ipsum odit nihil.', 2, 34, 'levi93@example.com', '438-629-1615x5146', 1);
INSERT INTO `hotels` (`id`, `hotel_name`, `hotel_description`, `category_id`, `adress_id`, `email`, `phone`, `is_active`) VALUES (33, 'aut', 'Molestias porro nulla repellendus nesciunt unde nulla error in. Voluptatem et veniam perferendis ea deserunt amet.', 1, 61, 'tmante@example.com', '1-762-004-2535x0605', 1);
INSERT INTO `hotels` (`id`, `hotel_name`, `hotel_description`, `category_id`, `adress_id`, `email`, `phone`, `is_active`) VALUES (34, 'quo', 'Labore consequuntur qui animi quia officiis nostrum. Sunt et voluptatibus saepe. Minus aspernatur non iste alias.', 5, 42, 'mustafa99@example.net', '(559)773-1072x89533', 1);
INSERT INTO `hotels` (`id`, `hotel_name`, `hotel_description`, `category_id`, `adress_id`, `email`, `phone`, `is_active`) VALUES (35, 'alias', 'Sed eius deserunt laborum atque nemo deleniti. Expedita dignissimos quam ex modi fugit. Veniam temporibus debitis voluptas est veniam dolor.', 1, 17, 'flatley.hermann@example.com', '290.819.6514x18950', 1);
INSERT INTO `hotels` (`id`, `hotel_name`, `hotel_description`, `category_id`, `adress_id`, `email`, `phone`, `is_active`) VALUES (36, 'eaque', 'Rem quod incidunt provident assumenda. Voluptatem debitis in dolorum aspernatur neque enim.', 5, 98, 'dorthy89@example.com', '590-468-6860', 1);
INSERT INTO `hotels` (`id`, `hotel_name`, `hotel_description`, `category_id`, `adress_id`, `email`, `phone`, `is_active`) VALUES (37, 'enim', 'Libero doloremque omnis aspernatur placeat suscipit. Dignissimos amet corrupti et aut minus.', 2, 59, 'dubuque.maybelle@example.net', '(934)315-9746', 1);
INSERT INTO `hotels` (`id`, `hotel_name`, `hotel_description`, `category_id`, `adress_id`, `email`, `phone`, `is_active`) VALUES (38, 'excepturi', 'Cumque sed laborum et. Suscipit sed praesentium minima placeat non. Repellat et reprehenderit vel beatae asperiores commodi.', 1, 94, 'mmitchell@example.com', '(252)556-8816x1890', 1);
INSERT INTO `hotels` (`id`, `hotel_name`, `hotel_description`, `category_id`, `adress_id`, `email`, `phone`, `is_active`) VALUES (39, 'qui', 'Accusantium similique aut accusantium et et sapiente dolor. Ea nostrum fugiat dicta ut et quasi explicabo. Sint quia ut sit doloribus nobis.', 4, 10, 'russell.mante@example.com', '175.432.8222', 1);
INSERT INTO `hotels` (`id`, `hotel_name`, `hotel_description`, `category_id`, `adress_id`, `email`, `phone`, `is_active`) VALUES (40, 'nihil', 'Ipsam quidem blanditiis sed magnam enim. Et ut vel facere praesentium. Beatae alias id voluptatem veritatis architecto voluptate dolor.', 5, 61, 'gheidenreich@example.com', '(640)104-1666', 1);
INSERT INTO `hotels` (`id`, `hotel_name`, `hotel_description`, `category_id`, `adress_id`, `email`, `phone`, `is_active`) VALUES (41, 'accusamus', 'Id saepe reprehenderit deserunt. Ullam quia earum aut ipsum atque nesciunt optio. Odio rerum et dolore officia soluta et ullam. Mollitia est laborum voluptas repellat.', 5, 100, 'nolan.lavonne@example.net', '844.382.5622', 1);
INSERT INTO `hotels` (`id`, `hotel_name`, `hotel_description`, `category_id`, `adress_id`, `email`, `phone`, `is_active`) VALUES (42, 'optio', 'Molestiae perspiciatis eum est necessitatibus. Facere quidem voluptas repellat harum voluptas. Fugiat necessitatibus libero qui quis voluptatem. Dolorem quos velit unde ipsa sed.', 1, 67, 'zboncak.stevie@example.net', '1-622-589-0333', 1);
INSERT INTO `hotels` (`id`, `hotel_name`, `hotel_description`, `category_id`, `adress_id`, `email`, `phone`, `is_active`) VALUES (43, 'animi', 'Sed totam nulla dicta quo sit et. Eos non iure id praesentium atque nesciunt dolorem. Quia et enim illo eaque.', 1, 13, 'kgerhold@example.com', '08064867525', 1);
INSERT INTO `hotels` (`id`, `hotel_name`, `hotel_description`, `category_id`, `adress_id`, `email`, `phone`, `is_active`) VALUES (44, 'voluptatum', 'Veniam ab voluptatibus illum et id. Excepturi adipisci expedita eaque sapiente molestiae debitis vero magnam. Praesentium velit maiores officia fugiat perferendis. Porro fuga voluptate qui numquam.', 2, 35, 'aufderhar.enos@example.com', '887-643-7573x479', 1);
INSERT INTO `hotels` (`id`, `hotel_name`, `hotel_description`, `category_id`, `adress_id`, `email`, `phone`, `is_active`) VALUES (45, 'error', 'Aut qui consequatur qui non molestiae doloremque. Et aut occaecati vel distinctio. Laudantium et ex reiciendis voluptas quod labore natus voluptate. Magnam accusantium sit numquam est qui error.', 5, 46, 'kihn.kian@example.net', '565.824.6785x592', 1);
INSERT INTO `hotels` (`id`, `hotel_name`, `hotel_description`, `category_id`, `adress_id`, `email`, `phone`, `is_active`) VALUES (46, 'maiores', 'Cumque consequuntur eum atque praesentium. Aut reiciendis dolorem temporibus consectetur et excepturi. Pariatur ratione tempora voluptas at nihil unde. Est officiis enim in modi natus ad eaque.', 3, 24, 'henderson22@example.com', '397.659.4223', 1);
INSERT INTO `hotels` (`id`, `hotel_name`, `hotel_description`, `category_id`, `adress_id`, `email`, `phone`, `is_active`) VALUES (47, 'aliquid', 'Et sit tempore repellendus animi et facere veritatis omnis. Est alias odio voluptatum quasi. Aut assumenda est omnis illo et in consectetur. Iusto aut voluptas temporibus cum vero debitis.', 2, 82, 'cgulgowski@example.net', '1-443-982-8371x822', 1);
INSERT INTO `hotels` (`id`, `hotel_name`, `hotel_description`, `category_id`, `adress_id`, `email`, `phone`, `is_active`) VALUES (48, 'in', 'Unde culpa aliquam debitis nostrum. Velit sed rerum adipisci molestiae eos non repellat voluptatibus. Sit quibusdam consectetur laboriosam eos possimus fuga quia commodi.', 3, 47, 'tnicolas@example.org', '265.498.7753', 1);
INSERT INTO `hotels` (`id`, `hotel_name`, `hotel_description`, `category_id`, `adress_id`, `email`, `phone`, `is_active`) VALUES (49, 'voluptatem', 'Repellat voluptatem quis earum. In id adipisci ut consequatur cupiditate sunt inventore.', 3, 40, 'kuvalis.cyril@example.net', '465.424.2893', 1);
INSERT INTO `hotels` (`id`, `hotel_name`, `hotel_description`, `category_id`, `adress_id`, `email`, `phone`, `is_active`) VALUES (50, 'vitae', 'Facere maxime officia aut occaecati voluptatem occaecati dolor odio. Quo consequatur iste tempora nostrum est dolorem. Consectetur dolorem veritatis aut optio qui rerum.', 5, 60, 'upton.bernadette@example.net', '1-763-638-1624x0916', 1);
INSERT INTO `hotels` (`id`, `hotel_name`, `hotel_description`, `category_id`, `adress_id`, `email`, `phone`, `is_active`) VALUES (51, 'quisquam', 'Quibusdam quas assumenda et assumenda nostrum blanditiis. Nobis vitae delectus velit beatae voluptas similique. Architecto modi veritatis et voluptas aut.', 3, 68, 'shirley58@example.org', '(953)009-2808x325', 1);
INSERT INTO `hotels` (`id`, `hotel_name`, `hotel_description`, `category_id`, `adress_id`, `email`, `phone`, `is_active`) VALUES (52, 'quia', 'Necessitatibus quaerat quia et. Nihil doloribus quidem ut quia quidem et ut quasi. Earum placeat fuga distinctio dolorem et aut illum est.', 3, 91, 'egaylord@example.net', '+89(7)3663136914', 1);
INSERT INTO `hotels` (`id`, `hotel_name`, `hotel_description`, `category_id`, `adress_id`, `email`, `phone`, `is_active`) VALUES (53, 'commodi', 'Et et et id nostrum quo doloribus eos ratione. Labore facilis aspernatur ut perferendis expedita fuga rerum. Sed odio ipsum qui natus.', 2, 58, 'anderson.kutch@example.org', '677-118-8189', 1);
INSERT INTO `hotels` (`id`, `hotel_name`, `hotel_description`, `category_id`, `adress_id`, `email`, `phone`, `is_active`) VALUES (54, 'non', 'Veniam soluta eligendi dolorem omnis. Dolorem in qui tenetur eos sequi. Pariatur porro soluta consequuntur suscipit aliquam. Nulla laudantium quibusdam saepe eum neque quam.', 5, 2, 'jenkins.madaline@example.com', '07746712830', 1);
INSERT INTO `hotels` (`id`, `hotel_name`, `hotel_description`, `category_id`, `adress_id`, `email`, `phone`, `is_active`) VALUES (55, 'porro', 'Quo quaerat sequi nostrum dolores. Rem voluptas velit magnam consequatur ab. Debitis laudantium tenetur est commodi.', 4, 83, 'pgoldner@example.org', '428-324-5453', 1);
INSERT INTO `hotels` (`id`, `hotel_name`, `hotel_description`, `category_id`, `adress_id`, `email`, `phone`, `is_active`) VALUES (56, 'perspiciatis', 'Officiis et aliquam delectus asperiores repudiandae. Recusandae pariatur vel rerum doloribus. Accusamus dolor illum labore vero quidem minima ratione. Vero eaque sit veritatis esse similique vero natus impedit.', 4, 56, 'wnikolaus@example.org', '1-391-575-7577', 1);
INSERT INTO `hotels` (`id`, `hotel_name`, `hotel_description`, `category_id`, `adress_id`, `email`, `phone`, `is_active`) VALUES (57, 'laudantium', 'Cumque cumque quam et voluptatibus qui sint amet. Pariatur aut quam quae accusantium fugiat. Sequi ex enim adipisci est unde expedita. Nostrum vero quam quam iure quisquam autem.', 5, 74, 'jensen48@example.com', '847-450-7761x2275', 0);
INSERT INTO `hotels` (`id`, `hotel_name`, `hotel_description`, `category_id`, `adress_id`, `email`, `phone`, `is_active`) VALUES (58, 'quae', 'Provident dolore id soluta. Molestiae adipisci ut quasi in. Officiis laboriosam impedit itaque fuga voluptate. Qui laudantium temporibus explicabo ullam veniam debitis molestiae.', 2, 88, 'tillman.angelica@example.net', '1-573-084-4544x7386', 0);
INSERT INTO `hotels` (`id`, `hotel_name`, `hotel_description`, `category_id`, `adress_id`, `email`, `phone`, `is_active`) VALUES (59, 'tempora', 'Sint veniam quas veritatis porro voluptatibus. Voluptatem veritatis officiis voluptatem provident vel. Repudiandae laudantium mollitia optio sint dolorum.', 5, 56, 'chase23@example.com', '(663)549-5424', 1);
INSERT INTO `hotels` (`id`, `hotel_name`, `hotel_description`, `category_id`, `adress_id`, `email`, `phone`, `is_active`) VALUES (60, 'dolores', 'Rerum amet alias eveniet odit atque ea dolor. Optio aut error cupiditate quasi provident eligendi molestias. Error totam distinctio magnam et ab libero.', 2, 75, 'judah33@example.net', '1-427-611-7589', 1);
INSERT INTO `hotels` (`id`, `hotel_name`, `hotel_description`, `category_id`, `adress_id`, `email`, `phone`, `is_active`) VALUES (61, 'fuga', 'Harum temporibus praesentium est rerum ea. Provident accusamus adipisci aut odio beatae facere. Dolorem quibusdam aliquid ut aut tempora rerum ea at.', 1, 76, 'opollich@example.org', '786-308-1054', 1);
INSERT INTO `hotels` (`id`, `hotel_name`, `hotel_description`, `category_id`, `adress_id`, `email`, `phone`, `is_active`) VALUES (62, 'maxime', 'Nihil qui sint voluptate minus iste quia. Quia qui cum debitis voluptate nam ut minima. Quos sunt eos voluptas labore similique. Culpa aspernatur quas doloremque quibusdam omnis aspernatur id.', 5, 28, 'jerde.verna@example.org', '871-371-5552x18032', 1);
INSERT INTO `hotels` (`id`, `hotel_name`, `hotel_description`, `category_id`, `adress_id`, `email`, `phone`, `is_active`) VALUES (63, 'rem', 'Non dolores porro officiis voluptates quia cumque. Est doloribus non excepturi iste facilis at est. Doloribus pariatur ipsa rerum temporibus. Et sit rem sit aut.', 3, 55, 'manley15@example.com', '+87(2)7984780908', 1);
INSERT INTO `hotels` (`id`, `hotel_name`, `hotel_description`, `category_id`, `adress_id`, `email`, `phone`, `is_active`) VALUES (64, 'possimus', 'Rerum cum optio expedita. Impedit a et enim. Atque nobis facere dolor distinctio. Eum sed velit aut quas.', 4, 99, 'stiedemann.daija@example.com', '310.699.8153', 1);
INSERT INTO `hotels` (`id`, `hotel_name`, `hotel_description`, `category_id`, `adress_id`, `email`, `phone`, `is_active`) VALUES (65, 'autem', 'Qui culpa eum iste non cum dolore. Modi quo et illo suscipit debitis accusantium neque. Quibusdam libero incidunt minima maxime. Accusantium ut similique laboriosam non molestias enim.', 5, 61, 'wilma.schuster@example.com', '+75(0)2393056393', 1);
INSERT INTO `hotels` (`id`, `hotel_name`, `hotel_description`, `category_id`, `adress_id`, `email`, `phone`, `is_active`) VALUES (66, 'ab', 'Voluptatem in voluptatibus occaecati eaque ducimus. Porro praesentium porro temporibus quis rerum minus nihil. Eligendi labore aliquid dolores unde dolorem consequatur earum et.', 3, 51, 'eve.balistreri@example.net', '574-399-0814x71628', 1);
INSERT INTO `hotels` (`id`, `hotel_name`, `hotel_description`, `category_id`, `adress_id`, `email`, `phone`, `is_active`) VALUES (67, 'magnam', 'Ex neque eligendi omnis magnam eligendi debitis fugit. Velit repellendus nihil voluptatem voluptatem ullam. Enim fuga repellat aut dignissimos. Commodi ex hic quibusdam temporibus eligendi id quam.', 2, 16, 'icarter@example.org', '(198)958-7847x71118', 1);
INSERT INTO `hotels` (`id`, `hotel_name`, `hotel_description`, `category_id`, `adress_id`, `email`, `phone`, `is_active`) VALUES (68, 'nam', 'Dolores molestiae dolorem sint error non dolorum ut. Illum asperiores minus sed mollitia earum molestias magni. Voluptas nostrum et enim illum commodi dolor voluptatem. Molestias enim dolor qui hic.', 3, 55, 'timmy.bernier@example.org', '+82(1)4604665411', 1);
INSERT INTO `hotels` (`id`, `hotel_name`, `hotel_description`, `category_id`, `adress_id`, `email`, `phone`, `is_active`) VALUES (69, 'officia', 'At nulla ut totam inventore. Atque cumque error quod in. Voluptatibus vitae et natus aut. Sequi et non dignissimos distinctio.', 4, 25, 'nickolas86@example.net', '00905750245', 1);
INSERT INTO `hotels` (`id`, `hotel_name`, `hotel_description`, `category_id`, `adress_id`, `email`, `phone`, `is_active`) VALUES (70, 'repellat', 'Aliquam eveniet repellat similique delectus ut voluptas est unde. Laboriosam ipsam dolore qui soluta assumenda. At rerum reprehenderit accusantium quis ut dignissimos porro. Quis aliquid hic eius. Libero quisquam voluptatem repellat.', 3, 40, 'larson.lelah@example.org', '(688)145-1080x828', 1);
INSERT INTO `hotels` (`id`, `hotel_name`, `hotel_description`, `category_id`, `adress_id`, `email`, `phone`, `is_active`) VALUES (71, 'quaerat', 'In pariatur qui dignissimos rem iusto dicta libero in. Fugit accusamus cupiditate dolores rem consequatur amet hic. Excepturi sunt doloremque enim nemo. Quia enim eius reiciendis nulla autem perferendis sit.', 1, 18, 'scrist@example.org', '(988)433-5265x48515', 1);
INSERT INTO `hotels` (`id`, `hotel_name`, `hotel_description`, `category_id`, `adress_id`, `email`, `phone`, `is_active`) VALUES (72, 'assumenda', 'Dolores adipisci velit unde vitae optio rem. Qui praesentium quibusdam excepturi labore eaque. Omnis aut est esse id modi eius voluptatem qui.', 5, 90, 'gabe23@example.net', '024.056.9947x066', 1);
INSERT INTO `hotels` (`id`, `hotel_name`, `hotel_description`, `category_id`, `adress_id`, `email`, `phone`, `is_active`) VALUES (73, 'eligendi', 'Accusantium distinctio fuga veritatis ex sunt. Ut vero hic asperiores vero nostrum iure ea et. Animi vel ut quaerat eum veniam iusto cupiditate. Aperiam dolore doloribus quo in.', 5, 17, 'ayden.fahey@example.org', '1-908-999-6636x665', 1);
INSERT INTO `hotels` (`id`, `hotel_name`, `hotel_description`, `category_id`, `adress_id`, `email`, `phone`, `is_active`) VALUES (74, 'deleniti', 'Corporis minus assumenda sit voluptatem. Illo voluptatem molestiae est adipisci blanditiis rerum. Qui suscipit quae ipsam est quas. Debitis et tempore dolorem consequatur ipsa ipsam culpa.', 4, 77, 'zack08@example.com', '773.423.9870', 1);
INSERT INTO `hotels` (`id`, `hotel_name`, `hotel_description`, `category_id`, `adress_id`, `email`, `phone`, `is_active`) VALUES (75, 'totam', 'Laborum libero corporis nobis qui laboriosam facere. Magnam cupiditate expedita eaque eos at velit. Quidem repudiandae provident quod et. Quae autem sed eius.', 4, 99, 'conor.durgan@example.com', '+01(9)0051720937', 1);
INSERT INTO `hotels` (`id`, `hotel_name`, `hotel_description`, `category_id`, `adress_id`, `email`, `phone`, `is_active`) VALUES (76, 'fugit', 'Nam blanditiis enim nobis ad nostrum tempore voluptatem. Aut asperiores adipisci perspiciatis incidunt nemo officiis est.', 3, 73, 'carmel88@example.org', '694-199-3981x64154', 1);
INSERT INTO `hotels` (`id`, `hotel_name`, `hotel_description`, `category_id`, `adress_id`, `email`, `phone`, `is_active`) VALUES (77, 'modi', 'Deleniti dolores consequatur saepe commodi qui sint perferendis. Ut dicta pariatur maxime autem voluptas consequatur corrupti. Blanditiis et voluptatem quia error reprehenderit excepturi. Incidunt id maiores aut sit sint.', 4, 49, 'garnet08@example.net', '1-186-652-3179x611', 0);
INSERT INTO `hotels` (`id`, `hotel_name`, `hotel_description`, `category_id`, `adress_id`, `email`, `phone`, `is_active`) VALUES (78, 'ratione', 'Nobis quidem omnis nobis unde quo rerum. Facilis natus reiciendis molestias error. Impedit necessitatibus at veniam enim nihil quo. Ipsum dolore reiciendis saepe exercitationem nesciunt quo non enim.', 5, 32, 'stroman.brown@example.net', '068.442.0747x74380', 1);
INSERT INTO `hotels` (`id`, `hotel_name`, `hotel_description`, `category_id`, `adress_id`, `email`, `phone`, `is_active`) VALUES (79, 'natus', 'Quia aut inventore itaque quam. Vel deleniti et cum et similique eveniet autem.', 1, 73, 'gleason.kayden@example.org', '758-281-9445x9487', 1);
INSERT INTO `hotels` (`id`, `hotel_name`, `hotel_description`, `category_id`, `adress_id`, `email`, `phone`, `is_active`) VALUES (80, 'ipsa', 'Commodi ut laborum doloremque similique. Corrupti quae veniam sed animi autem. Mollitia consequatur eos autem fugit consequatur.', 2, 99, 'hcormier@example.net', '107-884-9928', 1);
INSERT INTO `hotels` (`id`, `hotel_name`, `hotel_description`, `category_id`, `adress_id`, `email`, `phone`, `is_active`) VALUES (81, 'dignissimos', 'Reprehenderit sint ut repellat delectus enim tenetur. Consequatur dolor delectus ut maxime cumque vel quam sapiente. Exercitationem consequatur officia provident cum eos minus voluptatem. Fugit suscipit fugit pariatur consequatur asperiores ut neque.', 2, 89, 'zleannon@example.com', '268.219.1014', 1);
INSERT INTO `hotels` (`id`, `hotel_name`, `hotel_description`, `category_id`, `adress_id`, `email`, `phone`, `is_active`) VALUES (82, 'eos', 'Accusamus natus velit natus laudantium sit et eum. Accusantium consequatur et consequuntur sit pariatur inventore eum. Sapiente nostrum ullam dignissimos ut ad consequatur deserunt.', 3, 62, 'kub.london@example.net', '(967)931-6682', 1);
INSERT INTO `hotels` (`id`, `hotel_name`, `hotel_description`, `category_id`, `adress_id`, `email`, `phone`, `is_active`) VALUES (83, 'veniam', 'Esse tempora natus autem veritatis eveniet quo. Atque voluptas rem repellendus quas. Quos fuga enim sit. Nihil maiores soluta temporibus eos neque officiis veniam mollitia. Asperiores id recusandae dolor.', 1, 91, 'vdonnelly@example.org', '(840)644-2255x7488', 1);
INSERT INTO `hotels` (`id`, `hotel_name`, `hotel_description`, `category_id`, `adress_id`, `email`, `phone`, `is_active`) VALUES (84, 'est', 'Praesentium eos repellendus laborum rerum totam. Aut unde voluptatem maiores labore id quos non. Minima architecto qui rem molestias est sed architecto.', 1, 77, 'legros.kariane@example.net', '1-777-565-3055', 1);
INSERT INTO `hotels` (`id`, `hotel_name`, `hotel_description`, `category_id`, `adress_id`, `email`, `phone`, `is_active`) VALUES (85, 'expedita', 'Est at natus aut ipsum. Veritatis asperiores non voluptates molestiae molestiae est rerum sunt. Eum ullam ex aut qui consequatur eveniet fugit. Dolore ut assumenda laborum cupiditate.', 1, 72, 'goodwin.norene@example.com', '173.172.1103x05491', 1);
INSERT INTO `hotels` (`id`, `hotel_name`, `hotel_description`, `category_id`, `adress_id`, `email`, `phone`, `is_active`) VALUES (86, 'sit', 'Qui ipsam maxime et beatae repudiandae numquam. Numquam magni saepe recusandae culpa eaque nemo. Quia architecto consectetur quos quibusdam. Corrupti fuga perspiciatis voluptatem qui.', 1, 22, 'earline94@example.org', '(687)910-0006', 1);
INSERT INTO `hotels` (`id`, `hotel_name`, `hotel_description`, `category_id`, `adress_id`, `email`, `phone`, `is_active`) VALUES (87, 'sint', 'Ab in et id. Ipsa omnis sunt numquam tenetur commodi eius saepe. Et adipisci enim explicabo facilis.', 5, 10, 'rfriesen@example.org', '04882900787', 1);
INSERT INTO `hotels` (`id`, `hotel_name`, `hotel_description`, `category_id`, `adress_id`, `email`, `phone`, `is_active`) VALUES (88, 'quod', 'Similique consectetur enim fugit fugit voluptatem. Aut voluptatem commodi at error quam omnis. Non quia repellat aliquam corporis. Dolor eos doloremque culpa quasi quae.', 1, 80, 'cole.lakin@example.org', '1-015-208-7458', 1);
INSERT INTO `hotels` (`id`, `hotel_name`, `hotel_description`, `category_id`, `adress_id`, `email`, `phone`, `is_active`) VALUES (89, 'numquam', 'Reprehenderit nam nobis deleniti quia. Necessitatibus vero consequuntur pariatur quod rerum quis. Dicta est hic sequi nihil.', 2, 90, 'leatha.lind@example.com', '(990)576-7243', 1);
INSERT INTO `hotels` (`id`, `hotel_name`, `hotel_description`, `category_id`, `adress_id`, `email`, `phone`, `is_active`) VALUES (90, 'iure', 'Aspernatur in sapiente omnis aspernatur ex omnis. Ut sed in beatae est reprehenderit officiis ea. Fugiat tenetur alias rerum sit placeat. Laboriosam et et harum ipsam sit iusto.', 3, 98, 'bartholome59@example.com', '1-518-585-6851', 1);
INSERT INTO `hotels` (`id`, `hotel_name`, `hotel_description`, `category_id`, `adress_id`, `email`, `phone`, `is_active`) VALUES (91, 'reprehenderit', 'Modi quaerat pariatur eum minima illo cumque. Voluptates non alias libero et. Quo laudantium enim inventore culpa aut quos ad saepe.', 5, 7, 'emma65@example.net', '(268)985-4979', 1);
INSERT INTO `hotels` (`id`, `hotel_name`, `hotel_description`, `category_id`, `adress_id`, `email`, `phone`, `is_active`) VALUES (92, 'voluptatibus', 'Non eveniet omnis et rerum repellat. Corrupti dolorem pariatur voluptas sit molestiae iure. Et vel et quia eaque.', 4, 63, 'luisa34@example.com', '(314)925-9209x46577', 1);
INSERT INTO `hotels` (`id`, `hotel_name`, `hotel_description`, `category_id`, `adress_id`, `email`, `phone`, `is_active`) VALUES (93, 'iste', 'Non minima provident nihil aut est qui. Sapiente ex consequuntur vel non. Voluptatem aspernatur et vel. Vero molestias magni cupiditate quam qui molestiae molestiae.', 3, 70, 'jzieme@example.com', '+27(5)9629308081', 0);
INSERT INTO `hotels` (`id`, `hotel_name`, `hotel_description`, `category_id`, `adress_id`, `email`, `phone`, `is_active`) VALUES (94, 'omnis', 'Non eius sed voluptatem delectus. Voluptatibus iure eaque incidunt quaerat iusto. Est dicta eligendi earum ratione porro aliquid.', 5, 60, 'btromp@example.org', '(426)705-8272x33244', 1);
INSERT INTO `hotels` (`id`, `hotel_name`, `hotel_description`, `category_id`, `adress_id`, `email`, `phone`, `is_active`) VALUES (95, 'ullam', 'Excepturi quaerat debitis sed non. Eveniet corporis in id qui blanditiis veniam. Adipisci et culpa quisquam voluptates aspernatur odit dolores. In error eos aliquam consectetur iste inventore assumenda. Excepturi quam quas eaque eligendi ipsam.', 3, 25, 'owen.marks@example.net', '443-143-8001', 1);
INSERT INTO `hotels` (`id`, `hotel_name`, `hotel_description`, `category_id`, `adress_id`, `email`, `phone`, `is_active`) VALUES (96, 'voluptate', 'Ut porro quos dolorem. Cum autem sequi est quam illo laboriosam ullam. Distinctio et velit omnis et voluptatibus.', 3, 76, 'mertie.murphy@example.com', '1-689-760-5024x89697', 1);
INSERT INTO `hotels` (`id`, `hotel_name`, `hotel_description`, `category_id`, `adress_id`, `email`, `phone`, `is_active`) VALUES (97, 'id', 'Sunt voluptatem error numquam est mollitia. Esse deleniti aut eos nesciunt harum vel voluptas. Nobis ipsa porro fugiat ipsum. Sit velit corrupti unde beatae sed sed ullam.', 1, 8, 'meda38@example.com', '945-617-8848x24319', 1);
INSERT INTO `hotels` (`id`, `hotel_name`, `hotel_description`, `category_id`, `adress_id`, `email`, `phone`, `is_active`) VALUES (98, 'architecto', 'Eius laudantium hic earum unde. Est ipsa perferendis quasi molestias. Cumque et totam adipisci quia et. Quis culpa rerum harum fugiat ut.', 2, 18, 'itzel.medhurst@example.net', '(849)621-6754', 1);
INSERT INTO `hotels` (`id`, `hotel_name`, `hotel_description`, `category_id`, `adress_id`, `email`, `phone`, `is_active`) VALUES (99, 'suscipit', 'Quasi odit veritatis minima cumque nemo. Non quo vel sapiente quasi. Voluptatem dignissimos qui voluptas incidunt porro. Accusantium rem quo qui ipsam architecto accusamus recusandae.', 5, 53, 'rath.gia@example.org', '(976)848-7520x29963', 1);
INSERT INTO `hotels` (`id`, `hotel_name`, `hotel_description`, `category_id`, `adress_id`, `email`, `phone`, `is_active`) VALUES (100, 'quos', 'Voluptatem doloremque ipsa molestiae nihil maiores necessitatibus vero. Provident ad quo inventore qui nam adipisci dolorem modi. Dolores eos maiores aut laudantium. Veritatis asperiores nemo qui quia at omnis.', 5, 13, 'pacocha.tevin@example.net', '092-027-9646', 1);


#
# TABLE STRUCTURE FOR: hotels_adresses
#

DROP TABLE IF EXISTS `hotels_adresses`;

CREATE TABLE `hotels_adresses` (
  `id` int(10) unsigned NOT NULL AUTO_INCREMENT COMMENT 'Идентификатор строки',
  `country_name` varchar(100) COLLATE utf8mb4_unicode_ci NOT NULL COMMENT 'Название страны',
  `city_name` varchar(100) COLLATE utf8mb4_unicode_ci NOT NULL COMMENT 'Название города',
  `postal_id` varchar(100) COLLATE utf8mb4_unicode_ci NOT NULL COMMENT 'Название города',
  PRIMARY KEY (`id`)
) ENGINE=InnoDB AUTO_INCREMENT=101 DEFAULT CHARSET=utf8mb4 COLLATE=utf8mb4_unicode_ci COMMENT='Адреса отелей';

INSERT INTO `hotels_adresses` (`id`, `country_name`, `city_name`, `postal_id`) VALUES (1, 'Bolivia', 'Port Heleneton', '80164-2086');
INSERT INTO `hotels_adresses` (`id`, `country_name`, `city_name`, `postal_id`) VALUES (2, 'Liechtenstein', 'Maiastad', '64176');
INSERT INTO `hotels_adresses` (`id`, `country_name`, `city_name`, `postal_id`) VALUES (3, 'Ethiopia', 'New Kearaside', '99069');
INSERT INTO `hotels_adresses` (`id`, `country_name`, `city_name`, `postal_id`) VALUES (4, 'Nigeria', 'Fredland', '93649');
INSERT INTO `hotels_adresses` (`id`, `country_name`, `city_name`, `postal_id`) VALUES (5, 'New Caledonia', 'East Alvinabury', '92825');
INSERT INTO `hotels_adresses` (`id`, `country_name`, `city_name`, `postal_id`) VALUES (6, 'Saint Pierre and Miquelon', 'Stromanchester', '25560-7800');
INSERT INTO `hotels_adresses` (`id`, `country_name`, `city_name`, `postal_id`) VALUES (7, 'Saint Lucia', 'Juanaport', '05808');
INSERT INTO `hotels_adresses` (`id`, `country_name`, `city_name`, `postal_id`) VALUES (8, 'Tunisia', 'Jenkinsland', '34482-5233');
INSERT INTO `hotels_adresses` (`id`, `country_name`, `city_name`, `postal_id`) VALUES (9, 'Chad', 'New Alexandriaport', '43402');
INSERT INTO `hotels_adresses` (`id`, `country_name`, `city_name`, `postal_id`) VALUES (10, 'Japan', 'Maryseland', '19608');
INSERT INTO `hotels_adresses` (`id`, `country_name`, `city_name`, `postal_id`) VALUES (11, 'Trinidad and Tobago', 'West Landenhaven', '64329');
INSERT INTO `hotels_adresses` (`id`, `country_name`, `city_name`, `postal_id`) VALUES (12, 'Thailand', 'Ronnyville', '98800');
INSERT INTO `hotels_adresses` (`id`, `country_name`, `city_name`, `postal_id`) VALUES (13, 'Bouvet Island (Bouvetoya)', 'Newtonport', '97172');
INSERT INTO `hotels_adresses` (`id`, `country_name`, `city_name`, `postal_id`) VALUES (14, 'Argentina', 'Toymouth', '39389');
INSERT INTO `hotels_adresses` (`id`, `country_name`, `city_name`, `postal_id`) VALUES (15, 'Netherlands', 'Joanieville', '46729-5289');
INSERT INTO `hotels_adresses` (`id`, `country_name`, `city_name`, `postal_id`) VALUES (16, 'Algeria', 'North Evangelinestad', '36193-7535');
INSERT INTO `hotels_adresses` (`id`, `country_name`, `city_name`, `postal_id`) VALUES (17, 'Sierra Leone', 'Port Halie', '06326-0293');
INSERT INTO `hotels_adresses` (`id`, `country_name`, `city_name`, `postal_id`) VALUES (18, 'Saint Martin', 'Loweton', '76944-1475');
INSERT INTO `hotels_adresses` (`id`, `country_name`, `city_name`, `postal_id`) VALUES (19, 'Bulgaria', 'Hintzchester', '46816-7553');
INSERT INTO `hotels_adresses` (`id`, `country_name`, `city_name`, `postal_id`) VALUES (20, 'Barbados', 'Denesikhaven', '24274');
INSERT INTO `hotels_adresses` (`id`, `country_name`, `city_name`, `postal_id`) VALUES (21, 'Pitcairn Islands', 'Maiyafurt', '46895');
INSERT INTO `hotels_adresses` (`id`, `country_name`, `city_name`, `postal_id`) VALUES (22, 'Eritrea', 'Stiedemannville', '45591-3425');
INSERT INTO `hotels_adresses` (`id`, `country_name`, `city_name`, `postal_id`) VALUES (23, 'Tajikistan', 'Lehnerview', '81447');
INSERT INTO `hotels_adresses` (`id`, `country_name`, `city_name`, `postal_id`) VALUES (24, 'Paraguay', 'Ameliastad', '73824');
INSERT INTO `hotels_adresses` (`id`, `country_name`, `city_name`, `postal_id`) VALUES (25, 'Chile', 'Daltonmouth', '02304-5743');
INSERT INTO `hotels_adresses` (`id`, `country_name`, `city_name`, `postal_id`) VALUES (26, 'French Polynesia', 'Lake Coraport', '23736-9012');
INSERT INTO `hotels_adresses` (`id`, `country_name`, `city_name`, `postal_id`) VALUES (27, 'South Africa', 'Schambergerport', '10111');
INSERT INTO `hotels_adresses` (`id`, `country_name`, `city_name`, `postal_id`) VALUES (28, 'Malta', 'Port Velma', '27425');
INSERT INTO `hotels_adresses` (`id`, `country_name`, `city_name`, `postal_id`) VALUES (29, 'Malaysia', 'New Prestonfort', '12616');
INSERT INTO `hotels_adresses` (`id`, `country_name`, `city_name`, `postal_id`) VALUES (30, 'Cayman Islands', 'Lake Jedside', '42768');
INSERT INTO `hotels_adresses` (`id`, `country_name`, `city_name`, `postal_id`) VALUES (31, 'Pitcairn Islands', 'Darrinfort', '27924-3777');
INSERT INTO `hotels_adresses` (`id`, `country_name`, `city_name`, `postal_id`) VALUES (32, 'Dominican Republic', 'Langworthhaven', '97705-5168');
INSERT INTO `hotels_adresses` (`id`, `country_name`, `city_name`, `postal_id`) VALUES (33, 'South Georgia and the South Sandwich Islands', 'Port Ginabury', '33729');
INSERT INTO `hotels_adresses` (`id`, `country_name`, `city_name`, `postal_id`) VALUES (34, 'Norfolk Island', 'Carmeloshire', '49103');
INSERT INTO `hotels_adresses` (`id`, `country_name`, `city_name`, `postal_id`) VALUES (35, 'New Caledonia', 'North Maurineburgh', '41603');
INSERT INTO `hotels_adresses` (`id`, `country_name`, `city_name`, `postal_id`) VALUES (36, 'Vietnam', 'Lake Isobel', '20163-6702');
INSERT INTO `hotels_adresses` (`id`, `country_name`, `city_name`, `postal_id`) VALUES (37, 'Botswana', 'Lake Pierre', '25849');
INSERT INTO `hotels_adresses` (`id`, `country_name`, `city_name`, `postal_id`) VALUES (38, 'El Salvador', 'Rathview', '45777-1345');
INSERT INTO `hotels_adresses` (`id`, `country_name`, `city_name`, `postal_id`) VALUES (39, 'Bahrain', 'North Angeloview', '97856-8961');
INSERT INTO `hotels_adresses` (`id`, `country_name`, `city_name`, `postal_id`) VALUES (40, 'Ecuador', 'New Kellen', '68409');
INSERT INTO `hotels_adresses` (`id`, `country_name`, `city_name`, `postal_id`) VALUES (41, 'Heard Island and McDonald Islands', 'Fredmouth', '97145');
INSERT INTO `hotels_adresses` (`id`, `country_name`, `city_name`, `postal_id`) VALUES (42, 'Isle of Man', 'Lake Dayna', '46551-2616');
INSERT INTO `hotels_adresses` (`id`, `country_name`, `city_name`, `postal_id`) VALUES (43, 'Sri Lanka', 'Mertztown', '99362');
INSERT INTO `hotels_adresses` (`id`, `country_name`, `city_name`, `postal_id`) VALUES (44, 'Holy See (Vatican City State)', 'Zoefurt', '15241-0312');
INSERT INTO `hotels_adresses` (`id`, `country_name`, `city_name`, `postal_id`) VALUES (45, 'Germany', 'Port Johnathonstad', '48276-2217');
INSERT INTO `hotels_adresses` (`id`, `country_name`, `city_name`, `postal_id`) VALUES (46, 'Spain', 'New Ritabury', '60644-3262');
INSERT INTO `hotels_adresses` (`id`, `country_name`, `city_name`, `postal_id`) VALUES (47, 'Isle of Man', 'Miloland', '88751');
INSERT INTO `hotels_adresses` (`id`, `country_name`, `city_name`, `postal_id`) VALUES (48, 'Svalbard & Jan Mayen Islands', 'Port Liana', '02110-3196');
INSERT INTO `hotels_adresses` (`id`, `country_name`, `city_name`, `postal_id`) VALUES (49, 'Cocos (Keeling) Islands', 'Gorczanyfurt', '24715-6017');
INSERT INTO `hotels_adresses` (`id`, `country_name`, `city_name`, `postal_id`) VALUES (50, 'Barbados', 'Port Kraigberg', '55939');
INSERT INTO `hotels_adresses` (`id`, `country_name`, `city_name`, `postal_id`) VALUES (51, 'British Indian Ocean Territory (Chagos Archipelago)', 'Collinsberg', '01059-7459');
INSERT INTO `hotels_adresses` (`id`, `country_name`, `city_name`, `postal_id`) VALUES (52, 'Saint Pierre and Miquelon', 'Toyton', '56064-9211');
INSERT INTO `hotels_adresses` (`id`, `country_name`, `city_name`, `postal_id`) VALUES (53, 'Vanuatu', 'East Candida', '28053');
INSERT INTO `hotels_adresses` (`id`, `country_name`, `city_name`, `postal_id`) VALUES (54, 'Kiribati', 'Corwinborough', '14714-3077');
INSERT INTO `hotels_adresses` (`id`, `country_name`, `city_name`, `postal_id`) VALUES (55, 'Dominican Republic', 'North Antoninashire', '79153-6164');
INSERT INTO `hotels_adresses` (`id`, `country_name`, `city_name`, `postal_id`) VALUES (56, 'Chad', 'North Pascale', '94774-1150');
INSERT INTO `hotels_adresses` (`id`, `country_name`, `city_name`, `postal_id`) VALUES (57, 'Uzbekistan', 'West Orieborough', '30899-0730');
INSERT INTO `hotels_adresses` (`id`, `country_name`, `city_name`, `postal_id`) VALUES (58, 'Morocco', 'Lake Roscoe', '02140-0225');
INSERT INTO `hotels_adresses` (`id`, `country_name`, `city_name`, `postal_id`) VALUES (59, 'Uganda', 'Lorenborough', '14931-8219');
INSERT INTO `hotels_adresses` (`id`, `country_name`, `city_name`, `postal_id`) VALUES (60, 'Sweden', 'Haleystad', '08647');
INSERT INTO `hotels_adresses` (`id`, `country_name`, `city_name`, `postal_id`) VALUES (61, 'Tunisia', 'North Adelleside', '93374');
INSERT INTO `hotels_adresses` (`id`, `country_name`, `city_name`, `postal_id`) VALUES (62, 'Lithuania', 'Alexaneberg', '60819-6422');
INSERT INTO `hotels_adresses` (`id`, `country_name`, `city_name`, `postal_id`) VALUES (63, 'Mongolia', 'Kevonton', '50422');
INSERT INTO `hotels_adresses` (`id`, `country_name`, `city_name`, `postal_id`) VALUES (64, 'Serbia', 'New Donavon', '74428-1844');
INSERT INTO `hotels_adresses` (`id`, `country_name`, `city_name`, `postal_id`) VALUES (65, 'Canada', 'Lake Robinstad', '99375-7926');
INSERT INTO `hotels_adresses` (`id`, `country_name`, `city_name`, `postal_id`) VALUES (66, 'Mauritania', 'Chesleyville', '32801');
INSERT INTO `hotels_adresses` (`id`, `country_name`, `city_name`, `postal_id`) VALUES (67, 'Hungary', 'Lake Ewald', '99941');
INSERT INTO `hotels_adresses` (`id`, `country_name`, `city_name`, `postal_id`) VALUES (68, 'Ecuador', 'East Corine', '75719');
INSERT INTO `hotels_adresses` (`id`, `country_name`, `city_name`, `postal_id`) VALUES (69, 'Macedonia', 'West Kyleighton', '12825-2077');
INSERT INTO `hotels_adresses` (`id`, `country_name`, `city_name`, `postal_id`) VALUES (70, 'Switzerland', 'Lake Donnie', '57039-3947');
INSERT INTO `hotels_adresses` (`id`, `country_name`, `city_name`, `postal_id`) VALUES (71, 'Montserrat', 'Lake Joy', '22580-2887');
INSERT INTO `hotels_adresses` (`id`, `country_name`, `city_name`, `postal_id`) VALUES (72, 'Norway', 'New Berylbury', '35187-2342');
INSERT INTO `hotels_adresses` (`id`, `country_name`, `city_name`, `postal_id`) VALUES (73, 'Ireland', 'South Neal', '53428-0067');
INSERT INTO `hotels_adresses` (`id`, `country_name`, `city_name`, `postal_id`) VALUES (74, 'Palau', 'Boton', '78687-5971');
INSERT INTO `hotels_adresses` (`id`, `country_name`, `city_name`, `postal_id`) VALUES (75, 'Netherlands Antilles', 'Constancestad', '79420');
INSERT INTO `hotels_adresses` (`id`, `country_name`, `city_name`, `postal_id`) VALUES (76, 'Turkey', 'North Franzborough', '18155');
INSERT INTO `hotels_adresses` (`id`, `country_name`, `city_name`, `postal_id`) VALUES (77, 'Tunisia', 'Eichmannborough', '37606-2307');
INSERT INTO `hotels_adresses` (`id`, `country_name`, `city_name`, `postal_id`) VALUES (78, 'Czech Republic', 'Lake Odell', '92916-6195');
INSERT INTO `hotels_adresses` (`id`, `country_name`, `city_name`, `postal_id`) VALUES (79, 'Svalbard & Jan Mayen Islands', 'Paigeport', '38965');
INSERT INTO `hotels_adresses` (`id`, `country_name`, `city_name`, `postal_id`) VALUES (80, 'Nicaragua', 'Halvorsonborough', '57034');
INSERT INTO `hotels_adresses` (`id`, `country_name`, `city_name`, `postal_id`) VALUES (81, 'Greece', 'West Devenbury', '07043');
INSERT INTO `hotels_adresses` (`id`, `country_name`, `city_name`, `postal_id`) VALUES (82, 'Christmas Island', 'Leonardstad', '81898');
INSERT INTO `hotels_adresses` (`id`, `country_name`, `city_name`, `postal_id`) VALUES (83, 'Portugal', 'Vergiestad', '17466-9764');
INSERT INTO `hotels_adresses` (`id`, `country_name`, `city_name`, `postal_id`) VALUES (84, 'Niue', 'Alexandrofort', '07023');
INSERT INTO `hotels_adresses` (`id`, `country_name`, `city_name`, `postal_id`) VALUES (85, 'Belgium', 'Rubenhaven', '72360');
INSERT INTO `hotels_adresses` (`id`, `country_name`, `city_name`, `postal_id`) VALUES (86, 'Algeria', 'Wilfredofurt', '48556-8896');
INSERT INTO `hotels_adresses` (`id`, `country_name`, `city_name`, `postal_id`) VALUES (87, 'United States of America', 'South Brant', '43759-4484');
INSERT INTO `hotels_adresses` (`id`, `country_name`, `city_name`, `postal_id`) VALUES (88, 'India', 'Lake Lilachester', '42829-2324');
INSERT INTO `hotels_adresses` (`id`, `country_name`, `city_name`, `postal_id`) VALUES (89, 'Saint Vincent and the Grenadines', 'South Kyler', '77119');
INSERT INTO `hotels_adresses` (`id`, `country_name`, `city_name`, `postal_id`) VALUES (90, 'Algeria', 'Jacobsbury', '89880-1438');
INSERT INTO `hotels_adresses` (`id`, `country_name`, `city_name`, `postal_id`) VALUES (91, 'Micronesia', 'West Feliciamouth', '97915-6995');
INSERT INTO `hotels_adresses` (`id`, `country_name`, `city_name`, `postal_id`) VALUES (92, 'Papua New Guinea', 'Doyleborough', '47155');
INSERT INTO `hotels_adresses` (`id`, `country_name`, `city_name`, `postal_id`) VALUES (93, 'Djibouti', 'Jamilburgh', '13324');
INSERT INTO `hotels_adresses` (`id`, `country_name`, `city_name`, `postal_id`) VALUES (94, 'Chad', 'New Ivaport', '83157');
INSERT INTO `hotels_adresses` (`id`, `country_name`, `city_name`, `postal_id`) VALUES (95, 'Bouvet Island (Bouvetoya)', 'North Mertiemouth', '71151-4719');
INSERT INTO `hotels_adresses` (`id`, `country_name`, `city_name`, `postal_id`) VALUES (96, 'Turkmenistan', 'East Elenora', '27678-9267');
INSERT INTO `hotels_adresses` (`id`, `country_name`, `city_name`, `postal_id`) VALUES (97, 'China', 'Lake William', '15021-5323');
INSERT INTO `hotels_adresses` (`id`, `country_name`, `city_name`, `postal_id`) VALUES (98, 'Greece', 'Cliftonbury', '83192');
INSERT INTO `hotels_adresses` (`id`, `country_name`, `city_name`, `postal_id`) VALUES (99, 'Wallis and Futuna', 'West Ariannaton', '88081');
INSERT INTO `hotels_adresses` (`id`, `country_name`, `city_name`, `postal_id`) VALUES (100, 'Guadeloupe', 'Armandoborough', '98327-2246');


#
# TABLE STRUCTURE FOR: hotels_categories
#

DROP TABLE IF EXISTS `hotels_categories`;

CREATE TABLE `hotels_categories` (
  `id` int(10) unsigned NOT NULL AUTO_INCREMENT COMMENT 'Идентификатор строки',
  `categoty_name` enum('*','**','***','****','*****') COLLATE utf8mb4_unicode_ci NOT NULL COMMENT 'Имя категории отеля',
  PRIMARY KEY (`id`),
  UNIQUE KEY `categoty_name` (`categoty_name`)
) ENGINE=InnoDB AUTO_INCREMENT=6 DEFAULT CHARSET=utf8mb4 COLLATE=utf8mb4_unicode_ci COMMENT='Категории отелей';

INSERT INTO `hotels_categories` (`id`, `categoty_name`) VALUES (5, '*');
INSERT INTO `hotels_categories` (`id`, `categoty_name`) VALUES (3, '**');
INSERT INTO `hotels_categories` (`id`, `categoty_name`) VALUES (2, '***');
INSERT INTO `hotels_categories` (`id`, `categoty_name`) VALUES (1, '****');
INSERT INTO `hotels_categories` (`id`, `categoty_name`) VALUES (4, '*****');


#
# TABLE STRUCTURE FOR: invoice_guest
#

DROP TABLE IF EXISTS `invoice_guest`;

CREATE TABLE `invoice_guest` (
  `id` int(10) unsigned NOT NULL AUTO_INCREMENT COMMENT 'Идентификатор строки',
  `guest_id` int(10) unsigned NOT NULL COMMENT 'Ссылка на гостя',
  `reservation_id` int(10) unsigned NOT NULL COMMENT 'Ссылка на бронирование',
  `invoice_amount` decimal(10,2) DEFAULT NULL COMMENT 'Сумма к оплате',
  `created_at` datetime DEFAULT current_timestamp() COMMENT 'Время создания счета',
  `updated_at` datetime DEFAULT current_timestamp() ON UPDATE current_timestamp() COMMENT 'Время оплаты счета',
  `canceled_at` datetime DEFAULT NULL COMMENT 'Время отмены счета',
  PRIMARY KEY (`id`),
  KEY `invoice_guest_guest_id_fk` (`guest_id`),
  KEY `invoice_guest_reservation_id_fk` (`reservation_id`),
  CONSTRAINT `invoice_guest_guest_id_fk` FOREIGN KEY (`guest_id`) REFERENCES `guests` (`id`),
  CONSTRAINT `invoice_guest_reservation_id_fk` FOREIGN KEY (`reservation_id`) REFERENCES `reservations` (`id`)
) ENGINE=InnoDB AUTO_INCREMENT=101 DEFAULT CHARSET=utf8mb4 COLLATE=utf8mb4_unicode_ci COMMENT='Счет';

INSERT INTO `invoice_guest` (`id`, `guest_id`, `reservation_id`, `invoice_amount`, `created_at`, `updated_at`, `canceled_at`) VALUES (1, 72, 42, '173731.68', '2021-03-14 10:50:29', '2020-04-18 14:38:17', '2020-07-28 19:45:43');
INSERT INTO `invoice_guest` (`id`, `guest_id`, `reservation_id`, `invoice_amount`, `created_at`, `updated_at`, `canceled_at`) VALUES (2, 7, 79, '128771.68', '2021-01-07 19:27:51', '2020-10-01 15:16:41', '2020-10-01 00:52:28');
INSERT INTO `invoice_guest` (`id`, `guest_id`, `reservation_id`, `invoice_amount`, `created_at`, `updated_at`, `canceled_at`) VALUES (3, 88, 92, '52177.60', '2020-04-01 20:24:22', '2021-01-12 14:25:23', '2020-04-04 16:04:08');
INSERT INTO `invoice_guest` (`id`, `guest_id`, `reservation_id`, `invoice_amount`, `created_at`, `updated_at`, `canceled_at`) VALUES (4, 68, 75, '16337.84', '2021-02-18 17:48:03', '2021-01-10 00:15:34', '2021-02-05 19:11:23');
INSERT INTO `invoice_guest` (`id`, `guest_id`, `reservation_id`, `invoice_amount`, `created_at`, `updated_at`, `canceled_at`) VALUES (5, 96, 86, '103573.04', '2021-02-01 19:40:22', '2020-09-05 10:33:35', '2021-01-07 09:42:33');
INSERT INTO `invoice_guest` (`id`, `guest_id`, `reservation_id`, `invoice_amount`, `created_at`, `updated_at`, `canceled_at`) VALUES (6, 13, 19, '73233.05', '2021-02-12 01:38:17', '2020-05-13 15:24:55', '2020-10-01 12:23:06');
INSERT INTO `invoice_guest` (`id`, `guest_id`, `reservation_id`, `invoice_amount`, `created_at`, `updated_at`, `canceled_at`) VALUES (7, 14, 5, '126092.84', '2021-01-13 10:55:52', '2020-07-11 20:06:08', '2020-10-25 19:27:28');
INSERT INTO `invoice_guest` (`id`, `guest_id`, `reservation_id`, `invoice_amount`, `created_at`, `updated_at`, `canceled_at`) VALUES (8, 44, 63, '152099.29', '2021-03-11 20:42:02', '2021-02-24 03:20:45', '2020-04-12 13:54:13');
INSERT INTO `invoice_guest` (`id`, `guest_id`, `reservation_id`, `invoice_amount`, `created_at`, `updated_at`, `canceled_at`) VALUES (9, 47, 95, '90185.00', '2021-02-28 18:06:05', '2020-07-26 20:05:23', '2020-03-26 17:16:48');
INSERT INTO `invoice_guest` (`id`, `guest_id`, `reservation_id`, `invoice_amount`, `created_at`, `updated_at`, `canceled_at`) VALUES (10, 78, 57, '6251.17', '2020-06-28 14:19:40', '2020-11-02 04:08:06', '2020-09-30 00:17:38');
INSERT INTO `invoice_guest` (`id`, `guest_id`, `reservation_id`, `invoice_amount`, `created_at`, `updated_at`, `canceled_at`) VALUES (11, 99, 55, '8262.65', '2020-03-23 15:38:46', '2020-08-25 18:30:15', '2021-02-06 04:34:22');
INSERT INTO `invoice_guest` (`id`, `guest_id`, `reservation_id`, `invoice_amount`, `created_at`, `updated_at`, `canceled_at`) VALUES (12, 14, 63, '3677.63', '2020-09-22 18:34:55', '2020-11-25 18:17:20', '2020-12-04 00:49:09');
INSERT INTO `invoice_guest` (`id`, `guest_id`, `reservation_id`, `invoice_amount`, `created_at`, `updated_at`, `canceled_at`) VALUES (13, 35, 15, '189179.96', '2020-09-12 20:04:58', '2020-12-13 14:01:38', '2020-06-30 23:22:16');
INSERT INTO `invoice_guest` (`id`, `guest_id`, `reservation_id`, `invoice_amount`, `created_at`, `updated_at`, `canceled_at`) VALUES (14, 100, 30, '102432.74', '2020-10-26 19:10:20', '2020-05-05 08:18:41', '2020-09-05 15:12:00');
INSERT INTO `invoice_guest` (`id`, `guest_id`, `reservation_id`, `invoice_amount`, `created_at`, `updated_at`, `canceled_at`) VALUES (15, 33, 63, '173479.71', '2020-12-03 17:47:43', '2020-06-24 23:42:00', '2020-05-23 18:47:17');
INSERT INTO `invoice_guest` (`id`, `guest_id`, `reservation_id`, `invoice_amount`, `created_at`, `updated_at`, `canceled_at`) VALUES (16, 88, 4, '113747.00', '2021-02-20 01:42:20', '2020-04-02 02:14:28', '2020-08-13 19:16:20');
INSERT INTO `invoice_guest` (`id`, `guest_id`, `reservation_id`, `invoice_amount`, `created_at`, `updated_at`, `canceled_at`) VALUES (17, 4, 94, '17559.89', '2021-02-02 23:56:12', '2020-07-25 17:48:15', '2020-11-10 23:52:33');
INSERT INTO `invoice_guest` (`id`, `guest_id`, `reservation_id`, `invoice_amount`, `created_at`, `updated_at`, `canceled_at`) VALUES (18, 83, 91, '18571.05', '2020-10-01 23:12:18', '2021-01-18 02:01:52', '2020-10-17 15:19:53');
INSERT INTO `invoice_guest` (`id`, `guest_id`, `reservation_id`, `invoice_amount`, `created_at`, `updated_at`, `canceled_at`) VALUES (19, 85, 50, '140420.41', '2020-05-15 06:42:06', '2020-04-01 19:53:21', '2020-09-27 17:14:14');
INSERT INTO `invoice_guest` (`id`, `guest_id`, `reservation_id`, `invoice_amount`, `created_at`, `updated_at`, `canceled_at`) VALUES (20, 66, 80, '71041.59', '2020-05-16 17:32:04', '2021-02-11 19:47:41', '2020-10-24 13:34:37');
INSERT INTO `invoice_guest` (`id`, `guest_id`, `reservation_id`, `invoice_amount`, `created_at`, `updated_at`, `canceled_at`) VALUES (21, 36, 79, '50912.46', '2020-10-16 11:33:17', '2020-04-07 21:38:23', '2020-08-11 15:20:02');
INSERT INTO `invoice_guest` (`id`, `guest_id`, `reservation_id`, `invoice_amount`, `created_at`, `updated_at`, `canceled_at`) VALUES (22, 99, 49, '119078.10', '2020-05-28 10:05:40', '2021-03-16 00:31:15', '2020-08-20 23:05:59');
INSERT INTO `invoice_guest` (`id`, `guest_id`, `reservation_id`, `invoice_amount`, `created_at`, `updated_at`, `canceled_at`) VALUES (23, 83, 43, '128267.10', '2021-01-05 17:39:12', '2021-02-07 15:09:23', '2020-11-07 14:06:35');
INSERT INTO `invoice_guest` (`id`, `guest_id`, `reservation_id`, `invoice_amount`, `created_at`, `updated_at`, `canceled_at`) VALUES (24, 12, 30, '82610.60', '2020-04-29 17:31:06', '2021-01-14 05:39:41', '2020-11-02 02:00:55');
INSERT INTO `invoice_guest` (`id`, `guest_id`, `reservation_id`, `invoice_amount`, `created_at`, `updated_at`, `canceled_at`) VALUES (25, 37, 90, '45771.31', '2020-03-28 13:08:18', '2020-06-04 05:40:42', '2021-03-01 09:54:19');
INSERT INTO `invoice_guest` (`id`, `guest_id`, `reservation_id`, `invoice_amount`, `created_at`, `updated_at`, `canceled_at`) VALUES (26, 86, 36, '46764.04', '2020-07-06 17:06:50', '2020-12-22 19:30:07', '2020-09-26 05:19:22');
INSERT INTO `invoice_guest` (`id`, `guest_id`, `reservation_id`, `invoice_amount`, `created_at`, `updated_at`, `canceled_at`) VALUES (27, 44, 100, '41741.43', '2020-06-15 00:40:57', '2020-09-07 04:31:52', '2020-04-08 08:52:31');
INSERT INTO `invoice_guest` (`id`, `guest_id`, `reservation_id`, `invoice_amount`, `created_at`, `updated_at`, `canceled_at`) VALUES (28, 99, 79, '9495.48', '2021-02-08 22:10:34', '2020-05-01 10:53:35', '2020-09-09 01:17:22');
INSERT INTO `invoice_guest` (`id`, `guest_id`, `reservation_id`, `invoice_amount`, `created_at`, `updated_at`, `canceled_at`) VALUES (29, 14, 99, '135176.12', '2020-09-24 09:31:51', '2020-06-20 18:29:50', '2020-05-24 06:58:42');
INSERT INTO `invoice_guest` (`id`, `guest_id`, `reservation_id`, `invoice_amount`, `created_at`, `updated_at`, `canceled_at`) VALUES (30, 8, 46, '166738.98', '2021-03-04 02:46:57', '2020-12-07 23:18:13', '2020-10-29 00:27:17');
INSERT INTO `invoice_guest` (`id`, `guest_id`, `reservation_id`, `invoice_amount`, `created_at`, `updated_at`, `canceled_at`) VALUES (31, 61, 95, '83318.72', '2020-09-12 13:18:15', '2020-11-06 23:02:49', '2020-09-29 03:27:13');
INSERT INTO `invoice_guest` (`id`, `guest_id`, `reservation_id`, `invoice_amount`, `created_at`, `updated_at`, `canceled_at`) VALUES (32, 50, 65, '113371.28', '2020-05-24 13:46:27', '2021-02-14 21:49:39', '2020-05-19 18:48:41');
INSERT INTO `invoice_guest` (`id`, `guest_id`, `reservation_id`, `invoice_amount`, `created_at`, `updated_at`, `canceled_at`) VALUES (33, 89, 33, '45343.43', '2021-03-02 07:25:52', '2020-07-27 13:11:20', '2020-09-01 07:46:40');
INSERT INTO `invoice_guest` (`id`, `guest_id`, `reservation_id`, `invoice_amount`, `created_at`, `updated_at`, `canceled_at`) VALUES (34, 56, 74, '118731.44', '2020-08-18 16:00:06', '2020-12-13 07:33:00', '2021-02-13 11:55:57');
INSERT INTO `invoice_guest` (`id`, `guest_id`, `reservation_id`, `invoice_amount`, `created_at`, `updated_at`, `canceled_at`) VALUES (35, 82, 21, '142649.00', '2020-10-22 10:46:47', '2021-02-23 10:20:24', '2020-11-27 20:21:05');
INSERT INTO `invoice_guest` (`id`, `guest_id`, `reservation_id`, `invoice_amount`, `created_at`, `updated_at`, `canceled_at`) VALUES (36, 54, 17, '94887.54', '2021-02-22 21:26:28', '2020-08-07 21:10:20', '2020-09-15 19:02:43');
INSERT INTO `invoice_guest` (`id`, `guest_id`, `reservation_id`, `invoice_amount`, `created_at`, `updated_at`, `canceled_at`) VALUES (37, 100, 52, '132290.26', '2020-04-30 05:20:18', '2021-02-11 08:35:52', '2020-12-01 18:34:10');
INSERT INTO `invoice_guest` (`id`, `guest_id`, `reservation_id`, `invoice_amount`, `created_at`, `updated_at`, `canceled_at`) VALUES (38, 66, 83, '82630.62', '2020-12-20 18:28:02', '2020-04-13 22:28:06', '2020-11-17 02:51:30');
INSERT INTO `invoice_guest` (`id`, `guest_id`, `reservation_id`, `invoice_amount`, `created_at`, `updated_at`, `canceled_at`) VALUES (39, 95, 78, '182738.28', '2020-06-28 01:58:44', '2020-03-19 05:34:06', '2020-09-25 20:50:42');
INSERT INTO `invoice_guest` (`id`, `guest_id`, `reservation_id`, `invoice_amount`, `created_at`, `updated_at`, `canceled_at`) VALUES (40, 12, 31, '61986.09', '2020-03-22 08:58:04', '2020-08-14 08:35:12', '2021-02-22 21:08:39');
INSERT INTO `invoice_guest` (`id`, `guest_id`, `reservation_id`, `invoice_amount`, `created_at`, `updated_at`, `canceled_at`) VALUES (41, 67, 97, '63604.13', '2020-03-18 04:08:23', '2020-08-02 20:30:58', '2020-07-25 04:12:43');
INSERT INTO `invoice_guest` (`id`, `guest_id`, `reservation_id`, `invoice_amount`, `created_at`, `updated_at`, `canceled_at`) VALUES (42, 67, 10, '183020.00', '2020-11-26 04:36:14', '2020-10-01 15:58:54', '2020-09-30 12:46:26');
INSERT INTO `invoice_guest` (`id`, `guest_id`, `reservation_id`, `invoice_amount`, `created_at`, `updated_at`, `canceled_at`) VALUES (43, 96, 65, '44783.20', '2020-12-28 20:49:38', '2020-05-19 06:25:11', '2021-01-04 01:20:33');
INSERT INTO `invoice_guest` (`id`, `guest_id`, `reservation_id`, `invoice_amount`, `created_at`, `updated_at`, `canceled_at`) VALUES (44, 88, 10, '69242.57', '2020-11-21 03:35:40', '2020-08-05 00:53:58', '2020-05-26 15:46:44');
INSERT INTO `invoice_guest` (`id`, `guest_id`, `reservation_id`, `invoice_amount`, `created_at`, `updated_at`, `canceled_at`) VALUES (45, 63, 96, '178026.45', '2020-11-23 23:44:34', '2020-10-07 07:44:02', '2020-10-20 21:04:57');
INSERT INTO `invoice_guest` (`id`, `guest_id`, `reservation_id`, `invoice_amount`, `created_at`, `updated_at`, `canceled_at`) VALUES (46, 56, 24, '124422.65', '2020-12-26 18:24:30', '2020-07-16 09:14:41', '2020-10-29 21:07:29');
INSERT INTO `invoice_guest` (`id`, `guest_id`, `reservation_id`, `invoice_amount`, `created_at`, `updated_at`, `canceled_at`) VALUES (47, 91, 6, '74074.14', '2020-04-23 06:52:41', '2020-03-21 03:33:28', '2020-10-18 16:15:03');
INSERT INTO `invoice_guest` (`id`, `guest_id`, `reservation_id`, `invoice_amount`, `created_at`, `updated_at`, `canceled_at`) VALUES (48, 88, 80, '129962.00', '2020-11-27 09:56:07', '2020-09-14 03:08:34', '2020-06-29 08:52:09');
INSERT INTO `invoice_guest` (`id`, `guest_id`, `reservation_id`, `invoice_amount`, `created_at`, `updated_at`, `canceled_at`) VALUES (49, 38, 43, '82960.92', '2020-04-27 20:51:15', '2020-05-15 00:26:18', '2020-10-03 08:16:59');
INSERT INTO `invoice_guest` (`id`, `guest_id`, `reservation_id`, `invoice_amount`, `created_at`, `updated_at`, `canceled_at`) VALUES (50, 53, 19, '80200.80', '2020-08-14 13:01:06', '2021-03-01 16:24:43', '2020-09-03 18:34:31');
INSERT INTO `invoice_guest` (`id`, `guest_id`, `reservation_id`, `invoice_amount`, `created_at`, `updated_at`, `canceled_at`) VALUES (51, 64, 6, '91249.40', '2020-11-22 02:22:06', '2020-12-19 18:15:26', '2020-05-28 01:35:28');
INSERT INTO `invoice_guest` (`id`, `guest_id`, `reservation_id`, `invoice_amount`, `created_at`, `updated_at`, `canceled_at`) VALUES (52, 36, 63, '173607.72', '2020-05-29 15:51:41', '2020-10-18 19:08:54', '2020-09-01 10:53:38');
INSERT INTO `invoice_guest` (`id`, `guest_id`, `reservation_id`, `invoice_amount`, `created_at`, `updated_at`, `canceled_at`) VALUES (53, 58, 1, '58822.41', '2021-02-17 12:00:23', '2020-03-27 07:46:04', '2020-04-14 22:02:14');
INSERT INTO `invoice_guest` (`id`, `guest_id`, `reservation_id`, `invoice_amount`, `created_at`, `updated_at`, `canceled_at`) VALUES (54, 46, 52, '14535.57', '2020-03-25 14:58:24', '2020-11-09 13:23:22', '2021-02-27 02:47:28');
INSERT INTO `invoice_guest` (`id`, `guest_id`, `reservation_id`, `invoice_amount`, `created_at`, `updated_at`, `canceled_at`) VALUES (55, 79, 57, '181870.59', '2020-07-07 22:28:53', '2020-08-01 18:57:52', '2020-04-06 01:49:55');
INSERT INTO `invoice_guest` (`id`, `guest_id`, `reservation_id`, `invoice_amount`, `created_at`, `updated_at`, `canceled_at`) VALUES (56, 83, 45, '149148.13', '2021-01-22 05:52:52', '2020-05-10 08:27:49', '2021-01-23 21:06:40');
INSERT INTO `invoice_guest` (`id`, `guest_id`, `reservation_id`, `invoice_amount`, `created_at`, `updated_at`, `canceled_at`) VALUES (57, 53, 49, '125071.01', '2021-01-14 15:41:59', '2020-11-22 14:48:02', '2020-06-24 16:58:22');
INSERT INTO `invoice_guest` (`id`, `guest_id`, `reservation_id`, `invoice_amount`, `created_at`, `updated_at`, `canceled_at`) VALUES (58, 55, 49, '83184.96', '2021-02-24 03:07:27', '2020-04-05 05:19:59', '2021-02-06 22:32:11');
INSERT INTO `invoice_guest` (`id`, `guest_id`, `reservation_id`, `invoice_amount`, `created_at`, `updated_at`, `canceled_at`) VALUES (59, 14, 43, '179142.79', '2020-07-21 02:24:52', '2020-08-28 03:56:51', '2020-07-13 21:28:28');
INSERT INTO `invoice_guest` (`id`, `guest_id`, `reservation_id`, `invoice_amount`, `created_at`, `updated_at`, `canceled_at`) VALUES (60, 59, 76, '104932.26', '2021-02-12 20:02:28', '2020-05-23 04:44:45', '2020-07-03 16:32:40');
INSERT INTO `invoice_guest` (`id`, `guest_id`, `reservation_id`, `invoice_amount`, `created_at`, `updated_at`, `canceled_at`) VALUES (61, 39, 14, '90751.90', '2020-12-22 21:58:14', '2021-03-02 17:12:24', '2020-09-28 21:57:43');
INSERT INTO `invoice_guest` (`id`, `guest_id`, `reservation_id`, `invoice_amount`, `created_at`, `updated_at`, `canceled_at`) VALUES (62, 99, 30, '188263.40', '2020-05-16 11:19:55', '2020-06-19 19:56:41', '2021-03-12 22:36:38');
INSERT INTO `invoice_guest` (`id`, `guest_id`, `reservation_id`, `invoice_amount`, `created_at`, `updated_at`, `canceled_at`) VALUES (63, 19, 87, '76601.51', '2020-08-03 07:56:14', '2021-01-16 14:26:15', '2020-06-14 19:35:30');
INSERT INTO `invoice_guest` (`id`, `guest_id`, `reservation_id`, `invoice_amount`, `created_at`, `updated_at`, `canceled_at`) VALUES (64, 9, 56, '53147.60', '2020-09-17 19:31:07', '2020-06-27 06:51:06', '2021-01-23 14:18:41');
INSERT INTO `invoice_guest` (`id`, `guest_id`, `reservation_id`, `invoice_amount`, `created_at`, `updated_at`, `canceled_at`) VALUES (65, 29, 62, '148719.00', '2020-07-25 09:40:05', '2020-04-22 12:34:49', '2020-04-11 15:56:44');
INSERT INTO `invoice_guest` (`id`, `guest_id`, `reservation_id`, `invoice_amount`, `created_at`, `updated_at`, `canceled_at`) VALUES (66, 74, 93, '27534.00', '2020-05-23 14:43:08', '2020-08-19 03:20:53', '2020-07-02 00:47:26');
INSERT INTO `invoice_guest` (`id`, `guest_id`, `reservation_id`, `invoice_amount`, `created_at`, `updated_at`, `canceled_at`) VALUES (67, 68, 10, '37134.76', '2020-10-30 00:22:04', '2020-09-20 18:39:12', '2020-11-23 13:10:40');
INSERT INTO `invoice_guest` (`id`, `guest_id`, `reservation_id`, `invoice_amount`, `created_at`, `updated_at`, `canceled_at`) VALUES (68, 55, 26, '37901.51', '2021-01-13 18:59:03', '2020-06-25 07:15:24', '2021-02-23 13:18:44');
INSERT INTO `invoice_guest` (`id`, `guest_id`, `reservation_id`, `invoice_amount`, `created_at`, `updated_at`, `canceled_at`) VALUES (69, 11, 100, '198747.59', '2020-09-07 18:33:46', '2020-11-13 14:47:05', '2020-11-09 03:31:32');
INSERT INTO `invoice_guest` (`id`, `guest_id`, `reservation_id`, `invoice_amount`, `created_at`, `updated_at`, `canceled_at`) VALUES (70, 77, 89, '138433.02', '2020-12-15 03:18:29', '2020-04-11 09:12:59', '2020-07-08 20:45:50');
INSERT INTO `invoice_guest` (`id`, `guest_id`, `reservation_id`, `invoice_amount`, `created_at`, `updated_at`, `canceled_at`) VALUES (71, 57, 60, '138356.65', '2020-11-09 05:55:53', '2020-11-03 18:45:43', '2020-06-12 09:17:29');
INSERT INTO `invoice_guest` (`id`, `guest_id`, `reservation_id`, `invoice_amount`, `created_at`, `updated_at`, `canceled_at`) VALUES (72, 34, 10, '78583.00', '2020-08-13 09:42:31', '2020-10-27 12:46:05', '2020-07-10 16:43:25');
INSERT INTO `invoice_guest` (`id`, `guest_id`, `reservation_id`, `invoice_amount`, `created_at`, `updated_at`, `canceled_at`) VALUES (73, 9, 88, '2494.45', '2020-07-13 11:55:33', '2020-06-02 03:16:02', '2021-02-06 05:20:24');
INSERT INTO `invoice_guest` (`id`, `guest_id`, `reservation_id`, `invoice_amount`, `created_at`, `updated_at`, `canceled_at`) VALUES (74, 58, 22, '143141.13', '2021-02-20 16:21:38', '2020-06-14 16:59:22', '2020-07-06 18:01:04');
INSERT INTO `invoice_guest` (`id`, `guest_id`, `reservation_id`, `invoice_amount`, `created_at`, `updated_at`, `canceled_at`) VALUES (75, 31, 16, '1737.47', '2020-07-28 19:56:00', '2020-03-30 12:52:47', '2021-03-04 15:23:48');
INSERT INTO `invoice_guest` (`id`, `guest_id`, `reservation_id`, `invoice_amount`, `created_at`, `updated_at`, `canceled_at`) VALUES (76, 97, 69, '62764.24', '2021-03-14 06:47:27', '2020-10-09 08:35:05', '2020-04-10 17:17:06');
INSERT INTO `invoice_guest` (`id`, `guest_id`, `reservation_id`, `invoice_amount`, `created_at`, `updated_at`, `canceled_at`) VALUES (77, 30, 96, '43166.16', '2020-07-29 20:04:36', '2020-10-23 12:45:30', '2020-04-25 12:53:16');
INSERT INTO `invoice_guest` (`id`, `guest_id`, `reservation_id`, `invoice_amount`, `created_at`, `updated_at`, `canceled_at`) VALUES (78, 99, 48, '4215.69', '2020-10-05 12:47:48', '2020-09-26 15:58:18', '2021-03-14 10:56:26');
INSERT INTO `invoice_guest` (`id`, `guest_id`, `reservation_id`, `invoice_amount`, `created_at`, `updated_at`, `canceled_at`) VALUES (79, 82, 8, '147109.83', '2020-07-10 17:32:29', '2020-10-27 10:54:34', '2020-11-27 08:55:15');
INSERT INTO `invoice_guest` (`id`, `guest_id`, `reservation_id`, `invoice_amount`, `created_at`, `updated_at`, `canceled_at`) VALUES (80, 3, 11, '57878.83', '2020-07-30 22:19:00', '2020-11-22 10:55:13', '2020-08-30 15:09:01');
INSERT INTO `invoice_guest` (`id`, `guest_id`, `reservation_id`, `invoice_amount`, `created_at`, `updated_at`, `canceled_at`) VALUES (81, 69, 77, '191049.70', '2020-09-11 08:36:53', '2020-11-30 19:24:47', '2020-10-04 19:34:34');
INSERT INTO `invoice_guest` (`id`, `guest_id`, `reservation_id`, `invoice_amount`, `created_at`, `updated_at`, `canceled_at`) VALUES (82, 3, 37, '17125.93', '2020-04-30 07:13:38', '2020-12-22 16:26:53', '2021-01-16 06:57:37');
INSERT INTO `invoice_guest` (`id`, `guest_id`, `reservation_id`, `invoice_amount`, `created_at`, `updated_at`, `canceled_at`) VALUES (83, 86, 58, '12381.59', '2020-06-16 02:47:08', '2020-04-07 17:09:08', '2021-03-07 12:31:56');
INSERT INTO `invoice_guest` (`id`, `guest_id`, `reservation_id`, `invoice_amount`, `created_at`, `updated_at`, `canceled_at`) VALUES (84, 62, 96, '166179.99', '2020-10-27 11:48:45', '2020-10-14 17:13:18', '2020-07-29 05:18:57');
INSERT INTO `invoice_guest` (`id`, `guest_id`, `reservation_id`, `invoice_amount`, `created_at`, `updated_at`, `canceled_at`) VALUES (85, 58, 38, '169067.02', '2020-10-25 04:16:47', '2020-07-28 00:02:27', '2020-04-09 05:13:27');
INSERT INTO `invoice_guest` (`id`, `guest_id`, `reservation_id`, `invoice_amount`, `created_at`, `updated_at`, `canceled_at`) VALUES (86, 85, 14, '19380.48', '2020-07-20 06:49:37', '2020-08-08 06:19:38', '2020-06-19 10:45:50');
INSERT INTO `invoice_guest` (`id`, `guest_id`, `reservation_id`, `invoice_amount`, `created_at`, `updated_at`, `canceled_at`) VALUES (87, 98, 18, '29892.72', '2020-12-20 01:25:37', '2020-08-10 02:39:25', '2021-02-02 05:07:35');
INSERT INTO `invoice_guest` (`id`, `guest_id`, `reservation_id`, `invoice_amount`, `created_at`, `updated_at`, `canceled_at`) VALUES (88, 23, 6, '81038.03', '2020-03-21 15:17:46', '2020-10-30 17:14:41', '2021-01-13 06:47:25');
INSERT INTO `invoice_guest` (`id`, `guest_id`, `reservation_id`, `invoice_amount`, `created_at`, `updated_at`, `canceled_at`) VALUES (89, 5, 81, '18709.62', '2020-06-24 22:42:13', '2020-08-12 10:30:04', '2020-12-16 18:02:07');
INSERT INTO `invoice_guest` (`id`, `guest_id`, `reservation_id`, `invoice_amount`, `created_at`, `updated_at`, `canceled_at`) VALUES (90, 27, 36, '173572.73', '2020-09-17 21:59:18', '2020-06-02 19:27:02', '2020-04-26 10:13:09');
INSERT INTO `invoice_guest` (`id`, `guest_id`, `reservation_id`, `invoice_amount`, `created_at`, `updated_at`, `canceled_at`) VALUES (91, 97, 24, '89025.10', '2021-02-20 15:53:57', '2020-11-11 01:43:03', '2020-03-23 18:33:50');
INSERT INTO `invoice_guest` (`id`, `guest_id`, `reservation_id`, `invoice_amount`, `created_at`, `updated_at`, `canceled_at`) VALUES (92, 5, 26, '162106.62', '2020-10-24 05:58:29', '2020-10-09 16:08:12', '2021-02-20 07:14:46');
INSERT INTO `invoice_guest` (`id`, `guest_id`, `reservation_id`, `invoice_amount`, `created_at`, `updated_at`, `canceled_at`) VALUES (93, 20, 3, '111163.00', '2020-08-21 07:47:11', '2020-08-03 12:53:44', '2021-01-18 18:51:33');
INSERT INTO `invoice_guest` (`id`, `guest_id`, `reservation_id`, `invoice_amount`, `created_at`, `updated_at`, `canceled_at`) VALUES (94, 73, 1, '1330.02', '2021-02-04 11:27:25', '2020-12-23 13:32:50', '2020-10-28 06:44:50');
INSERT INTO `invoice_guest` (`id`, `guest_id`, `reservation_id`, `invoice_amount`, `created_at`, `updated_at`, `canceled_at`) VALUES (95, 10, 76, '155058.85', '2020-04-07 13:14:05', '2020-05-07 07:43:42', '2020-05-17 20:12:55');
INSERT INTO `invoice_guest` (`id`, `guest_id`, `reservation_id`, `invoice_amount`, `created_at`, `updated_at`, `canceled_at`) VALUES (96, 12, 79, '33155.48', '2021-03-13 03:43:18', '2020-05-24 17:05:00', '2021-01-01 23:09:58');
INSERT INTO `invoice_guest` (`id`, `guest_id`, `reservation_id`, `invoice_amount`, `created_at`, `updated_at`, `canceled_at`) VALUES (97, 52, 14, '138543.16', '2020-10-30 06:37:03', '2020-10-06 00:57:36', '2021-03-01 07:41:03');
INSERT INTO `invoice_guest` (`id`, `guest_id`, `reservation_id`, `invoice_amount`, `created_at`, `updated_at`, `canceled_at`) VALUES (98, 15, 38, '167829.75', '2020-05-18 20:05:02', '2021-03-07 01:38:24', '2020-10-29 16:23:50');
INSERT INTO `invoice_guest` (`id`, `guest_id`, `reservation_id`, `invoice_amount`, `created_at`, `updated_at`, `canceled_at`) VALUES (99, 71, 76, '174817.49', '2021-03-07 14:43:41', '2021-02-27 17:22:45', '2020-12-17 18:15:51');
INSERT INTO `invoice_guest` (`id`, `guest_id`, `reservation_id`, `invoice_amount`, `created_at`, `updated_at`, `canceled_at`) VALUES (100, 34, 29, '12265.31', '2020-04-13 02:34:02', '2020-06-30 04:05:37', '2020-08-24 13:54:45');


#
# TABLE STRUCTURE FOR: reservation_status_catalog
#

DROP TABLE IF EXISTS `reservation_status_catalog`;

CREATE TABLE `reservation_status_catalog` (
  `id` int(10) unsigned NOT NULL AUTO_INCREMENT COMMENT 'Идентификатор строки',
  `status_name` enum('confirmed','turn away','cancelled','tentative','waitlist') COLLATE utf8mb4_unicode_ci NOT NULL COMMENT 'Статус бронирования',
  PRIMARY KEY (`id`),
  UNIQUE KEY `status_name` (`status_name`)
) ENGINE=InnoDB AUTO_INCREMENT=6 DEFAULT CHARSET=utf8mb4 COLLATE=utf8mb4_unicode_ci COMMENT='Список уникальных статусов бронирования';

INSERT INTO `reservation_status_catalog` (`id`, `status_name`) VALUES (5, 'confirmed');
INSERT INTO `reservation_status_catalog` (`id`, `status_name`) VALUES (2, 'turn away');
INSERT INTO `reservation_status_catalog` (`id`, `status_name`) VALUES (3, 'cancelled');
INSERT INTO `reservation_status_catalog` (`id`, `status_name`) VALUES (4, 'tentative');
INSERT INTO `reservation_status_catalog` (`id`, `status_name`) VALUES (1, 'waitlist');


#
# TABLE STRUCTURE FOR: reservation_status_events
#

DROP TABLE IF EXISTS `reservation_status_events`;

CREATE TABLE `reservation_status_events` (
  `id` int(10) unsigned NOT NULL AUTO_INCREMENT COMMENT 'Идентификатор строки',
  `reservation_id` int(10) unsigned NOT NULL COMMENT 'Ссылка на бронирование',
  `reservation_status_catalog_id` int(10) unsigned NOT NULL COMMENT 'Ссылка на статус бронирования',
  `details` text COLLATE utf8mb4_unicode_ci DEFAULT NULL COMMENT 'Дополнительная информация',
  `created_at` datetime DEFAULT current_timestamp() COMMENT 'Время присваивания статуса',
  PRIMARY KEY (`id`),
  KEY `reservation_status_events_reservation_id_fk` (`reservation_id`),
  KEY `reservation_status_events_reservation_status_catalog_id_fk` (`reservation_status_catalog_id`),
  CONSTRAINT `reservation_status_events_reservation_id_fk` FOREIGN KEY (`reservation_id`) REFERENCES `reservations` (`id`),
  CONSTRAINT `reservation_status_events_reservation_status_catalog_id_fk` FOREIGN KEY (`reservation_status_catalog_id`) REFERENCES `reservation_status_catalog` (`id`)
) ENGINE=InnoDB AUTO_INCREMENT=101 DEFAULT CHARSET=utf8mb4 COLLATE=utf8mb4_unicode_ci COMMENT='Информация о событиях бронирования';

INSERT INTO `reservation_status_events` (`id`, `reservation_id`, `reservation_status_catalog_id`, `details`, `created_at`) VALUES (1, 73, 5, 'Dolor est aut eius et rerum doloribus sit.', '2020-07-08 06:46:49');
INSERT INTO `reservation_status_events` (`id`, `reservation_id`, `reservation_status_catalog_id`, `details`, `created_at`) VALUES (2, 5, 5, 'Alias aspernatur et consequatur ea enim.', '2021-02-01 23:32:53');
INSERT INTO `reservation_status_events` (`id`, `reservation_id`, `reservation_status_catalog_id`, `details`, `created_at`) VALUES (3, 53, 4, 'Praesentium distinctio dolor aut et dolor.', '2020-08-21 02:40:56');
INSERT INTO `reservation_status_events` (`id`, `reservation_id`, `reservation_status_catalog_id`, `details`, `created_at`) VALUES (4, 78, 1, 'Consequatur repellendus ea ipsa quam est.', '2020-09-06 17:37:28');
INSERT INTO `reservation_status_events` (`id`, `reservation_id`, `reservation_status_catalog_id`, `details`, `created_at`) VALUES (5, 94, 4, 'Eum aliquid saepe deleniti dolor.', '2020-09-14 18:36:19');
INSERT INTO `reservation_status_events` (`id`, `reservation_id`, `reservation_status_catalog_id`, `details`, `created_at`) VALUES (6, 30, 2, 'Ad qui consequatur cum ab nam.', '2020-09-19 11:57:48');
INSERT INTO `reservation_status_events` (`id`, `reservation_id`, `reservation_status_catalog_id`, `details`, `created_at`) VALUES (7, 84, 5, 'Et ex culpa non quas delectus voluptas sed.', '2020-11-14 06:48:45');
INSERT INTO `reservation_status_events` (`id`, `reservation_id`, `reservation_status_catalog_id`, `details`, `created_at`) VALUES (8, 90, 4, 'Est dolorem tempore itaque.', '2020-12-13 06:37:25');
INSERT INTO `reservation_status_events` (`id`, `reservation_id`, `reservation_status_catalog_id`, `details`, `created_at`) VALUES (9, 38, 5, 'Temporibus et iusto voluptas qui.', '2020-11-16 19:14:25');
INSERT INTO `reservation_status_events` (`id`, `reservation_id`, `reservation_status_catalog_id`, `details`, `created_at`) VALUES (10, 86, 5, 'Vero commodi laboriosam quae enim aut neque.', '2021-02-14 06:25:21');
INSERT INTO `reservation_status_events` (`id`, `reservation_id`, `reservation_status_catalog_id`, `details`, `created_at`) VALUES (11, 77, 2, 'Voluptatem dolore et non autem maiores est harum.', '2020-10-22 23:15:11');
INSERT INTO `reservation_status_events` (`id`, `reservation_id`, `reservation_status_catalog_id`, `details`, `created_at`) VALUES (12, 15, 5, 'Deleniti rerum sed veritatis aut enim cupiditate dolor qui.', '2020-04-09 12:11:33');
INSERT INTO `reservation_status_events` (`id`, `reservation_id`, `reservation_status_catalog_id`, `details`, `created_at`) VALUES (13, 73, 1, 'Blanditiis praesentium repellendus quia consectetur est.', '2020-12-19 07:18:39');
INSERT INTO `reservation_status_events` (`id`, `reservation_id`, `reservation_status_catalog_id`, `details`, `created_at`) VALUES (14, 93, 4, 'Et veniam qui in omnis voluptatum modi harum.', '2020-10-30 05:51:14');
INSERT INTO `reservation_status_events` (`id`, `reservation_id`, `reservation_status_catalog_id`, `details`, `created_at`) VALUES (15, 75, 5, 'Commodi et qui magnam illo necessitatibus illum.', '2020-06-07 08:23:47');
INSERT INTO `reservation_status_events` (`id`, `reservation_id`, `reservation_status_catalog_id`, `details`, `created_at`) VALUES (16, 11, 3, 'Natus cumque molestiae minus molestiae inventore eum commodi.', '2021-01-08 17:06:03');
INSERT INTO `reservation_status_events` (`id`, `reservation_id`, `reservation_status_catalog_id`, `details`, `created_at`) VALUES (17, 74, 1, 'Est veritatis natus maiores in enim quo recusandae.', '2020-05-09 01:28:17');
INSERT INTO `reservation_status_events` (`id`, `reservation_id`, `reservation_status_catalog_id`, `details`, `created_at`) VALUES (18, 45, 2, 'Aspernatur at minima quaerat voluptas.', '2021-02-15 20:12:56');
INSERT INTO `reservation_status_events` (`id`, `reservation_id`, `reservation_status_catalog_id`, `details`, `created_at`) VALUES (19, 77, 2, 'Mollitia ut repellendus mollitia id dignissimos at.', '2020-12-28 15:47:44');
INSERT INTO `reservation_status_events` (`id`, `reservation_id`, `reservation_status_catalog_id`, `details`, `created_at`) VALUES (20, 28, 4, 'Nihil quisquam illum dolor illo voluptatem et voluptas.', '2020-08-15 08:05:10');
INSERT INTO `reservation_status_events` (`id`, `reservation_id`, `reservation_status_catalog_id`, `details`, `created_at`) VALUES (21, 97, 3, 'Occaecati temporibus ut est.', '2020-08-16 12:49:53');
INSERT INTO `reservation_status_events` (`id`, `reservation_id`, `reservation_status_catalog_id`, `details`, `created_at`) VALUES (22, 8, 5, 'Sint deleniti fugiat eos mollitia.', '2020-04-05 19:11:32');
INSERT INTO `reservation_status_events` (`id`, `reservation_id`, `reservation_status_catalog_id`, `details`, `created_at`) VALUES (23, 49, 5, 'Eum sed nesciunt commodi aspernatur quisquam.', '2020-07-25 17:38:06');
INSERT INTO `reservation_status_events` (`id`, `reservation_id`, `reservation_status_catalog_id`, `details`, `created_at`) VALUES (24, 53, 5, 'Sunt animi animi officiis voluptatibus ullam sed aliquid.', '2020-09-19 10:20:49');
INSERT INTO `reservation_status_events` (`id`, `reservation_id`, `reservation_status_catalog_id`, `details`, `created_at`) VALUES (25, 90, 2, 'Animi facilis odit et eaque est fugiat iure fugiat.', '2021-03-01 19:33:12');
INSERT INTO `reservation_status_events` (`id`, `reservation_id`, `reservation_status_catalog_id`, `details`, `created_at`) VALUES (26, 86, 4, 'Autem omnis eius quae quaerat.', '2020-04-19 12:46:45');
INSERT INTO `reservation_status_events` (`id`, `reservation_id`, `reservation_status_catalog_id`, `details`, `created_at`) VALUES (27, 64, 1, 'Cum ipsa ut sunt error cumque officia.', '2020-06-03 21:17:58');
INSERT INTO `reservation_status_events` (`id`, `reservation_id`, `reservation_status_catalog_id`, `details`, `created_at`) VALUES (28, 55, 2, 'Enim aut consequatur quia nemo.', '2020-03-28 05:50:08');
INSERT INTO `reservation_status_events` (`id`, `reservation_id`, `reservation_status_catalog_id`, `details`, `created_at`) VALUES (29, 2, 3, 'Voluptatem nisi quod eveniet neque ipsum.', '2020-11-10 01:58:12');
INSERT INTO `reservation_status_events` (`id`, `reservation_id`, `reservation_status_catalog_id`, `details`, `created_at`) VALUES (30, 11, 4, 'Repellendus illo dolor qui officiis nihil sit nihil.', '2020-12-31 19:01:52');
INSERT INTO `reservation_status_events` (`id`, `reservation_id`, `reservation_status_catalog_id`, `details`, `created_at`) VALUES (31, 38, 2, 'Veniam eveniet doloremque recusandae.', '2020-11-30 23:30:33');
INSERT INTO `reservation_status_events` (`id`, `reservation_id`, `reservation_status_catalog_id`, `details`, `created_at`) VALUES (32, 24, 1, 'Recusandae dignissimos aut commodi sint eius.', '2020-07-16 22:08:50');
INSERT INTO `reservation_status_events` (`id`, `reservation_id`, `reservation_status_catalog_id`, `details`, `created_at`) VALUES (33, 37, 4, 'Placeat quasi voluptas a non nemo.', '2020-10-31 18:01:25');
INSERT INTO `reservation_status_events` (`id`, `reservation_id`, `reservation_status_catalog_id`, `details`, `created_at`) VALUES (34, 37, 1, 'Quaerat animi molestiae qui expedita omnis.', '2020-11-27 07:34:34');
INSERT INTO `reservation_status_events` (`id`, `reservation_id`, `reservation_status_catalog_id`, `details`, `created_at`) VALUES (35, 91, 4, 'Illo aperiam dolorem nihil deleniti quia ipsum.', '2021-01-25 11:15:52');
INSERT INTO `reservation_status_events` (`id`, `reservation_id`, `reservation_status_catalog_id`, `details`, `created_at`) VALUES (36, 84, 5, 'Sunt enim est omnis veritatis.', '2020-08-29 19:56:19');
INSERT INTO `reservation_status_events` (`id`, `reservation_id`, `reservation_status_catalog_id`, `details`, `created_at`) VALUES (37, 22, 5, 'Et velit quo nobis.', '2021-01-09 21:41:23');
INSERT INTO `reservation_status_events` (`id`, `reservation_id`, `reservation_status_catalog_id`, `details`, `created_at`) VALUES (38, 68, 4, 'Est quibusdam non deserunt quas aut consectetur dolores.', '2020-03-30 05:00:46');
INSERT INTO `reservation_status_events` (`id`, `reservation_id`, `reservation_status_catalog_id`, `details`, `created_at`) VALUES (39, 89, 1, 'Eaque recusandae officia perspiciatis ut hic.', '2020-08-17 13:38:15');
INSERT INTO `reservation_status_events` (`id`, `reservation_id`, `reservation_status_catalog_id`, `details`, `created_at`) VALUES (40, 57, 4, 'Consequuntur ut tempore et error.', '2020-04-28 10:31:03');
INSERT INTO `reservation_status_events` (`id`, `reservation_id`, `reservation_status_catalog_id`, `details`, `created_at`) VALUES (41, 57, 3, 'Cumque nulla ut magnam delectus ratione illo.', '2021-01-04 19:11:55');
INSERT INTO `reservation_status_events` (`id`, `reservation_id`, `reservation_status_catalog_id`, `details`, `created_at`) VALUES (42, 45, 2, 'Beatae quas tempora praesentium qui velit totam.', '2021-03-13 06:52:15');
INSERT INTO `reservation_status_events` (`id`, `reservation_id`, `reservation_status_catalog_id`, `details`, `created_at`) VALUES (43, 43, 5, 'Repellat id nisi et minima commodi.', '2020-11-25 07:33:09');
INSERT INTO `reservation_status_events` (`id`, `reservation_id`, `reservation_status_catalog_id`, `details`, `created_at`) VALUES (44, 56, 3, 'Minus voluptatem quas earum non.', '2020-11-28 20:08:27');
INSERT INTO `reservation_status_events` (`id`, `reservation_id`, `reservation_status_catalog_id`, `details`, `created_at`) VALUES (45, 48, 4, 'Deserunt voluptatum qui dignissimos dolorem.', '2020-09-26 10:58:49');
INSERT INTO `reservation_status_events` (`id`, `reservation_id`, `reservation_status_catalog_id`, `details`, `created_at`) VALUES (46, 22, 5, 'Maxime quia et ut eum reiciendis.', '2020-07-25 08:30:48');
INSERT INTO `reservation_status_events` (`id`, `reservation_id`, `reservation_status_catalog_id`, `details`, `created_at`) VALUES (47, 88, 3, 'Expedita magni dolores odit.', '2021-01-24 12:40:57');
INSERT INTO `reservation_status_events` (`id`, `reservation_id`, `reservation_status_catalog_id`, `details`, `created_at`) VALUES (48, 96, 2, 'Quia adipisci quaerat maxime ea repudiandae optio natus.', '2020-12-09 15:39:25');
INSERT INTO `reservation_status_events` (`id`, `reservation_id`, `reservation_status_catalog_id`, `details`, `created_at`) VALUES (49, 14, 2, 'Labore qui aut aliquam fugiat.', '2020-12-19 19:55:21');
INSERT INTO `reservation_status_events` (`id`, `reservation_id`, `reservation_status_catalog_id`, `details`, `created_at`) VALUES (50, 37, 1, 'Velit distinctio dolorem explicabo sit ea consequatur omnis reprehenderit.', '2020-08-25 09:49:37');
INSERT INTO `reservation_status_events` (`id`, `reservation_id`, `reservation_status_catalog_id`, `details`, `created_at`) VALUES (51, 97, 2, 'Sint adipisci sunt quidem.', '2020-04-16 20:51:47');
INSERT INTO `reservation_status_events` (`id`, `reservation_id`, `reservation_status_catalog_id`, `details`, `created_at`) VALUES (52, 91, 1, 'Nihil ullam culpa laborum quia enim aut.', '2020-06-22 12:15:44');
INSERT INTO `reservation_status_events` (`id`, `reservation_id`, `reservation_status_catalog_id`, `details`, `created_at`) VALUES (53, 12, 3, 'Aspernatur consequatur corporis consectetur quisquam.', '2020-07-08 22:42:58');
INSERT INTO `reservation_status_events` (`id`, `reservation_id`, `reservation_status_catalog_id`, `details`, `created_at`) VALUES (54, 89, 1, 'Sunt sunt enim ullam aliquam rerum.', '2020-05-14 10:59:38');
INSERT INTO `reservation_status_events` (`id`, `reservation_id`, `reservation_status_catalog_id`, `details`, `created_at`) VALUES (55, 78, 3, 'Sed nostrum odio asperiores.', '2020-09-01 04:35:29');
INSERT INTO `reservation_status_events` (`id`, `reservation_id`, `reservation_status_catalog_id`, `details`, `created_at`) VALUES (56, 80, 2, 'Sit quae inventore animi pariatur sint et debitis est.', '2020-04-19 14:34:33');
INSERT INTO `reservation_status_events` (`id`, `reservation_id`, `reservation_status_catalog_id`, `details`, `created_at`) VALUES (57, 88, 2, 'Et alias debitis ea deleniti.', '2021-02-15 12:03:14');
INSERT INTO `reservation_status_events` (`id`, `reservation_id`, `reservation_status_catalog_id`, `details`, `created_at`) VALUES (58, 55, 2, 'Omnis est pariatur vel est voluptas eos.', '2021-01-18 00:24:16');
INSERT INTO `reservation_status_events` (`id`, `reservation_id`, `reservation_status_catalog_id`, `details`, `created_at`) VALUES (59, 24, 1, 'Sed accusantium nisi voluptatem sit.', '2020-03-28 18:11:04');
INSERT INTO `reservation_status_events` (`id`, `reservation_id`, `reservation_status_catalog_id`, `details`, `created_at`) VALUES (60, 75, 4, 'Quia quas et temporibus dignissimos ipsa deserunt praesentium.', '2020-05-22 04:17:47');
INSERT INTO `reservation_status_events` (`id`, `reservation_id`, `reservation_status_catalog_id`, `details`, `created_at`) VALUES (61, 77, 5, 'Temporibus nostrum explicabo quod distinctio sed magnam omnis modi.', '2020-12-13 01:23:36');
INSERT INTO `reservation_status_events` (`id`, `reservation_id`, `reservation_status_catalog_id`, `details`, `created_at`) VALUES (62, 56, 4, 'Autem dolorem minus id repellendus aut voluptatem.', '2020-07-12 16:18:03');
INSERT INTO `reservation_status_events` (`id`, `reservation_id`, `reservation_status_catalog_id`, `details`, `created_at`) VALUES (63, 41, 3, 'Facere perferendis qui non.', '2020-09-12 10:20:50');
INSERT INTO `reservation_status_events` (`id`, `reservation_id`, `reservation_status_catalog_id`, `details`, `created_at`) VALUES (64, 88, 3, 'Possimus maiores odio eos.', '2020-10-05 10:21:38');
INSERT INTO `reservation_status_events` (`id`, `reservation_id`, `reservation_status_catalog_id`, `details`, `created_at`) VALUES (65, 85, 2, 'Id quae est eius numquam illo dolor.', '2020-12-15 23:37:51');
INSERT INTO `reservation_status_events` (`id`, `reservation_id`, `reservation_status_catalog_id`, `details`, `created_at`) VALUES (66, 58, 5, 'Et tenetur voluptatem autem voluptatum adipisci commodi incidunt.', '2020-09-05 02:17:37');
INSERT INTO `reservation_status_events` (`id`, `reservation_id`, `reservation_status_catalog_id`, `details`, `created_at`) VALUES (67, 45, 3, 'Quo sint autem consequuntur ut.', '2021-01-22 12:56:34');
INSERT INTO `reservation_status_events` (`id`, `reservation_id`, `reservation_status_catalog_id`, `details`, `created_at`) VALUES (68, 100, 3, 'Ab voluptates omnis nostrum ut natus repellendus fugit.', '2020-04-02 22:13:50');
INSERT INTO `reservation_status_events` (`id`, `reservation_id`, `reservation_status_catalog_id`, `details`, `created_at`) VALUES (69, 6, 5, 'Eos corrupti rerum maiores minima sit consectetur recusandae.', '2020-08-09 19:30:49');
INSERT INTO `reservation_status_events` (`id`, `reservation_id`, `reservation_status_catalog_id`, `details`, `created_at`) VALUES (70, 58, 5, 'Non fugiat quisquam fuga id vitae accusantium.', '2020-04-13 17:57:20');
INSERT INTO `reservation_status_events` (`id`, `reservation_id`, `reservation_status_catalog_id`, `details`, `created_at`) VALUES (71, 35, 2, 'Saepe sit voluptatum qui aperiam.', '2020-05-13 14:16:11');
INSERT INTO `reservation_status_events` (`id`, `reservation_id`, `reservation_status_catalog_id`, `details`, `created_at`) VALUES (72, 18, 2, 'Quia magnam voluptatum necessitatibus non dolorum non ducimus.', '2020-07-22 04:42:15');
INSERT INTO `reservation_status_events` (`id`, `reservation_id`, `reservation_status_catalog_id`, `details`, `created_at`) VALUES (73, 61, 4, 'Temporibus consectetur aliquam debitis modi in velit.', '2020-04-05 20:36:56');
INSERT INTO `reservation_status_events` (`id`, `reservation_id`, `reservation_status_catalog_id`, `details`, `created_at`) VALUES (74, 52, 5, 'Est et nesciunt facilis ut aut qui.', '2021-03-02 10:29:22');
INSERT INTO `reservation_status_events` (`id`, `reservation_id`, `reservation_status_catalog_id`, `details`, `created_at`) VALUES (75, 83, 2, 'Assumenda qui id iusto fugit non aut.', '2021-02-26 17:43:26');
INSERT INTO `reservation_status_events` (`id`, `reservation_id`, `reservation_status_catalog_id`, `details`, `created_at`) VALUES (76, 55, 3, 'Laudantium voluptas quo qui et repudiandae.', '2020-10-24 14:42:01');
INSERT INTO `reservation_status_events` (`id`, `reservation_id`, `reservation_status_catalog_id`, `details`, `created_at`) VALUES (77, 22, 1, 'Consequatur temporibus voluptatem suscipit veritatis aspernatur vel fugiat.', '2021-01-21 05:43:33');
INSERT INTO `reservation_status_events` (`id`, `reservation_id`, `reservation_status_catalog_id`, `details`, `created_at`) VALUES (78, 24, 4, 'Cupiditate consequatur esse tempore quam cumque hic autem natus.', '2020-05-28 19:15:13');
INSERT INTO `reservation_status_events` (`id`, `reservation_id`, `reservation_status_catalog_id`, `details`, `created_at`) VALUES (79, 63, 1, 'Cupiditate fugit iusto possimus aspernatur voluptate dolorum.', '2020-12-02 18:47:01');
INSERT INTO `reservation_status_events` (`id`, `reservation_id`, `reservation_status_catalog_id`, `details`, `created_at`) VALUES (80, 16, 3, 'Atque ipsam soluta quis laudantium facilis id.', '2020-08-07 19:26:42');
INSERT INTO `reservation_status_events` (`id`, `reservation_id`, `reservation_status_catalog_id`, `details`, `created_at`) VALUES (81, 36, 4, 'Optio architecto sint nobis doloremque cumque in nobis.', '2020-08-20 17:20:43');
INSERT INTO `reservation_status_events` (`id`, `reservation_id`, `reservation_status_catalog_id`, `details`, `created_at`) VALUES (82, 28, 5, 'Consequatur est quae in explicabo.', '2020-03-20 03:35:15');
INSERT INTO `reservation_status_events` (`id`, `reservation_id`, `reservation_status_catalog_id`, `details`, `created_at`) VALUES (83, 21, 2, 'Ex non accusamus exercitationem est ab ratione.', '2020-05-23 18:19:24');
INSERT INTO `reservation_status_events` (`id`, `reservation_id`, `reservation_status_catalog_id`, `details`, `created_at`) VALUES (84, 38, 2, 'Numquam sunt odio et optio vel at.', '2020-07-12 06:33:13');
INSERT INTO `reservation_status_events` (`id`, `reservation_id`, `reservation_status_catalog_id`, `details`, `created_at`) VALUES (85, 17, 5, 'Excepturi minus ducimus neque quia sint.', '2020-04-19 21:32:00');
INSERT INTO `reservation_status_events` (`id`, `reservation_id`, `reservation_status_catalog_id`, `details`, `created_at`) VALUES (86, 10, 3, 'Illum et recusandae animi.', '2020-11-29 03:42:22');
INSERT INTO `reservation_status_events` (`id`, `reservation_id`, `reservation_status_catalog_id`, `details`, `created_at`) VALUES (87, 32, 2, 'In nihil quo rerum quo.', '2020-10-25 06:11:34');
INSERT INTO `reservation_status_events` (`id`, `reservation_id`, `reservation_status_catalog_id`, `details`, `created_at`) VALUES (88, 73, 5, 'Tenetur porro laudantium deserunt exercitationem non molestiae illum sed.', '2021-01-24 09:40:35');
INSERT INTO `reservation_status_events` (`id`, `reservation_id`, `reservation_status_catalog_id`, `details`, `created_at`) VALUES (89, 100, 2, 'Beatae nam est aut optio architecto laboriosam.', '2020-11-05 12:17:30');
INSERT INTO `reservation_status_events` (`id`, `reservation_id`, `reservation_status_catalog_id`, `details`, `created_at`) VALUES (90, 77, 5, 'Vel dolorem suscipit voluptas odit.', '2020-05-28 14:39:09');
INSERT INTO `reservation_status_events` (`id`, `reservation_id`, `reservation_status_catalog_id`, `details`, `created_at`) VALUES (91, 50, 2, 'Porro saepe aliquam placeat fugiat deleniti sit dolores.', '2021-03-05 20:01:25');
INSERT INTO `reservation_status_events` (`id`, `reservation_id`, `reservation_status_catalog_id`, `details`, `created_at`) VALUES (92, 43, 4, 'Qui est voluptatibus earum.', '2020-09-25 22:18:36');
INSERT INTO `reservation_status_events` (`id`, `reservation_id`, `reservation_status_catalog_id`, `details`, `created_at`) VALUES (93, 42, 4, 'Omnis id aut quia et.', '2020-09-15 23:11:12');
INSERT INTO `reservation_status_events` (`id`, `reservation_id`, `reservation_status_catalog_id`, `details`, `created_at`) VALUES (94, 34, 1, 'Aut quos voluptatem sint eius amet consequatur.', '2020-03-22 04:20:31');
INSERT INTO `reservation_status_events` (`id`, `reservation_id`, `reservation_status_catalog_id`, `details`, `created_at`) VALUES (95, 78, 3, 'Tempora unde nihil praesentium enim aut.', '2020-08-18 03:44:24');
INSERT INTO `reservation_status_events` (`id`, `reservation_id`, `reservation_status_catalog_id`, `details`, `created_at`) VALUES (96, 51, 1, 'Incidunt quis dolores rerum assumenda cupiditate libero pariatur.', '2020-10-19 13:43:57');
INSERT INTO `reservation_status_events` (`id`, `reservation_id`, `reservation_status_catalog_id`, `details`, `created_at`) VALUES (97, 22, 4, 'Reiciendis qui laboriosam quaerat dolores quia dignissimos.', '2020-09-12 23:07:25');
INSERT INTO `reservation_status_events` (`id`, `reservation_id`, `reservation_status_catalog_id`, `details`, `created_at`) VALUES (98, 94, 3, 'In est aut esse aut eveniet est.', '2020-04-25 14:01:31');
INSERT INTO `reservation_status_events` (`id`, `reservation_id`, `reservation_status_catalog_id`, `details`, `created_at`) VALUES (99, 6, 2, 'Voluptatem est quam tempora recusandae.', '2020-07-30 13:10:23');
INSERT INTO `reservation_status_events` (`id`, `reservation_id`, `reservation_status_catalog_id`, `details`, `created_at`) VALUES (100, 69, 2, 'Veritatis et esse est tenetur autem omnis ab.', '2020-03-17 21:17:28');


#
# TABLE STRUCTURE FOR: reservations
#

DROP TABLE IF EXISTS `reservations`;

CREATE TABLE `reservations` (
  `id` int(10) unsigned NOT NULL AUTO_INCREMENT COMMENT 'Идентификатор строки',
  `guest_id` int(10) unsigned NOT NULL COMMENT 'Ссылка на гостя',
  `start_date` date NOT NULL COMMENT 'Дата начала бронирования',
  `end_date` date NOT NULL COMMENT 'Дата окончания бронирования',
  `discount_percent` decimal(5,2) DEFAULT 0.00 COMMENT '% скидки',
  `total_price` decimal(10,2) DEFAULT NULL COMMENT 'Стоимость бронирования',
  `created_at` datetime DEFAULT current_timestamp() COMMENT 'Время создания бронирования',
  `updated_at` datetime DEFAULT current_timestamp() ON UPDATE current_timestamp() COMMENT 'Время обновления бронирования',
  PRIMARY KEY (`id`),
  KEY `reservations_guest_id_fk` (`guest_id`),
  CONSTRAINT `reservations_guest_id_fk` FOREIGN KEY (`guest_id`) REFERENCES `guests` (`id`)
) ENGINE=InnoDB AUTO_INCREMENT=101 DEFAULT CHARSET=utf8mb4 COLLATE=utf8mb4_unicode_ci COMMENT='Бронирования';

INSERT INTO `reservations` (`id`, `guest_id`, `start_date`, `end_date`, `discount_percent`, `total_price`, `created_at`, `updated_at`) VALUES (1, 72, '2020-10-18', '2020-04-16', '98.00', '114367.20', '2020-10-29 21:20:56', '2020-08-01 06:59:03');
INSERT INTO `reservations` (`id`, `guest_id`, `start_date`, `end_date`, `discount_percent`, `total_price`, `created_at`, `updated_at`) VALUES (2, 59, '2021-01-02', '2020-06-26', '28.00', '31260.63', '2020-12-22 06:09:16', '2020-03-24 05:42:36');
INSERT INTO `reservations` (`id`, `guest_id`, `start_date`, `end_date`, `discount_percent`, `total_price`, `created_at`, `updated_at`) VALUES (3, 76, '2021-01-05', '2020-11-25', '26.00', '99799.72', '2020-04-20 20:22:52', '2020-05-16 07:26:53');
INSERT INTO `reservations` (`id`, `guest_id`, `start_date`, `end_date`, `discount_percent`, `total_price`, `created_at`, `updated_at`) VALUES (4, 68, '2020-11-16', '2020-12-20', '89.00', '34580.00', '2020-05-15 15:51:15', '2020-08-25 00:52:48');
INSERT INTO `reservations` (`id`, `guest_id`, `start_date`, `end_date`, `discount_percent`, `total_price`, `created_at`, `updated_at`) VALUES (5, 52, '2020-07-04', '2020-04-25', '16.00', '164058.45', '2020-06-10 11:58:42', '2021-02-27 04:05:59');
INSERT INTO `reservations` (`id`, `guest_id`, `start_date`, `end_date`, `discount_percent`, `total_price`, `created_at`, `updated_at`) VALUES (6, 11, '2020-09-12', '2020-09-18', '32.00', '1347.40', '2020-04-06 21:41:52', '2020-05-14 13:58:18');
INSERT INTO `reservations` (`id`, `guest_id`, `start_date`, `end_date`, `discount_percent`, `total_price`, `created_at`, `updated_at`) VALUES (7, 74, '2020-08-30', '2020-04-12', '79.00', '80784.00', '2020-10-20 05:45:09', '2020-06-14 01:49:40');
INSERT INTO `reservations` (`id`, `guest_id`, `start_date`, `end_date`, `discount_percent`, `total_price`, `created_at`, `updated_at`) VALUES (8, 95, '2020-04-14', '2020-07-18', '3.00', '148235.81', '2020-05-27 22:42:27', '2020-09-03 18:14:46');
INSERT INTO `reservations` (`id`, `guest_id`, `start_date`, `end_date`, `discount_percent`, `total_price`, `created_at`, `updated_at`) VALUES (9, 72, '2020-10-11', '2020-10-26', '53.00', '32176.55', '2020-08-26 12:15:36', '2021-02-17 18:48:15');
INSERT INTO `reservations` (`id`, `guest_id`, `start_date`, `end_date`, `discount_percent`, `total_price`, `created_at`, `updated_at`) VALUES (10, 81, '2020-11-10', '2021-02-27', '91.00', '44525.00', '2020-10-29 07:52:37', '2020-11-08 13:09:49');
INSERT INTO `reservations` (`id`, `guest_id`, `start_date`, `end_date`, `discount_percent`, `total_price`, `created_at`, `updated_at`) VALUES (11, 65, '2021-03-02', '2020-11-05', '43.00', '135164.22', '2020-08-30 23:41:15', '2020-10-24 04:46:22');
INSERT INTO `reservations` (`id`, `guest_id`, `start_date`, `end_date`, `discount_percent`, `total_price`, `created_at`, `updated_at`) VALUES (12, 74, '2020-05-05', '2020-12-31', '41.00', '181675.52', '2020-09-21 10:46:25', '2020-04-30 09:43:49');
INSERT INTO `reservations` (`id`, `guest_id`, `start_date`, `end_date`, `discount_percent`, `total_price`, `created_at`, `updated_at`) VALUES (13, 62, '2020-04-10', '2020-05-10', '0.00', '128233.71', '2020-06-05 19:43:16', '2020-07-13 07:07:31');
INSERT INTO `reservations` (`id`, `guest_id`, `start_date`, `end_date`, `discount_percent`, `total_price`, `created_at`, `updated_at`) VALUES (14, 77, '2020-12-04', '2020-05-24', '53.00', '108230.11', '2020-06-13 02:54:49', '2020-12-28 07:49:02');
INSERT INTO `reservations` (`id`, `guest_id`, `start_date`, `end_date`, `discount_percent`, `total_price`, `created_at`, `updated_at`) VALUES (15, 97, '2020-10-31', '2021-01-27', '41.00', '82630.90', '2020-06-28 09:13:51', '2020-04-12 03:26:06');
INSERT INTO `reservations` (`id`, `guest_id`, `start_date`, `end_date`, `discount_percent`, `total_price`, `created_at`, `updated_at`) VALUES (16, 56, '2020-12-12', '2020-12-11', '29.00', '173369.48', '2020-08-07 14:00:25', '2021-03-15 21:16:48');
INSERT INTO `reservations` (`id`, `guest_id`, `start_date`, `end_date`, `discount_percent`, `total_price`, `created_at`, `updated_at`) VALUES (17, 31, '2020-03-21', '2021-02-23', '60.00', '14964.08', '2020-09-21 18:21:03', '2020-08-15 17:53:28');
INSERT INTO `reservations` (`id`, `guest_id`, `start_date`, `end_date`, `discount_percent`, `total_price`, `created_at`, `updated_at`) VALUES (18, 76, '2021-01-30', '2021-02-26', '68.00', '59929.82', '2020-07-09 11:33:06', '2021-02-22 14:34:11');
INSERT INTO `reservations` (`id`, `guest_id`, `start_date`, `end_date`, `discount_percent`, `total_price`, `created_at`, `updated_at`) VALUES (19, 59, '2021-02-16', '2020-12-12', '18.00', '84583.07', '2020-05-05 04:37:15', '2021-01-20 04:17:17');
INSERT INTO `reservations` (`id`, `guest_id`, `start_date`, `end_date`, `discount_percent`, `total_price`, `created_at`, `updated_at`) VALUES (20, 64, '2020-10-28', '2020-05-15', '26.00', '184742.65', '2020-10-14 23:26:49', '2021-01-10 12:29:30');
INSERT INTO `reservations` (`id`, `guest_id`, `start_date`, `end_date`, `discount_percent`, `total_price`, `created_at`, `updated_at`) VALUES (21, 91, '2020-12-01', '2020-07-26', '24.00', '179171.70', '2020-12-21 17:14:42', '2020-04-12 17:15:41');
INSERT INTO `reservations` (`id`, `guest_id`, `start_date`, `end_date`, `discount_percent`, `total_price`, `created_at`, `updated_at`) VALUES (22, 49, '2021-02-20', '2021-01-04', '44.00', '109359.43', '2020-08-23 21:44:29', '2020-11-20 00:44:07');
INSERT INTO `reservations` (`id`, `guest_id`, `start_date`, `end_date`, `discount_percent`, `total_price`, `created_at`, `updated_at`) VALUES (23, 79, '2020-11-04', '2021-01-07', '68.00', '54767.69', '2020-11-13 01:23:52', '2020-06-01 07:37:06');
INSERT INTO `reservations` (`id`, `guest_id`, `start_date`, `end_date`, `discount_percent`, `total_price`, `created_at`, `updated_at`) VALUES (24, 43, '2020-04-19', '2021-03-11', '61.00', '74016.63', '2020-04-09 03:00:43', '2020-12-18 11:15:02');
INSERT INTO `reservations` (`id`, `guest_id`, `start_date`, `end_date`, `discount_percent`, `total_price`, `created_at`, `updated_at`) VALUES (25, 52, '2020-03-19', '2021-02-17', '17.00', '176874.09', '2020-11-30 21:08:57', '2020-08-14 23:49:04');
INSERT INTO `reservations` (`id`, `guest_id`, `start_date`, `end_date`, `discount_percent`, `total_price`, `created_at`, `updated_at`) VALUES (26, 78, '2021-01-24', '2021-01-18', '40.00', '136712.87', '2020-09-02 11:29:39', '2020-06-27 06:28:54');
INSERT INTO `reservations` (`id`, `guest_id`, `start_date`, `end_date`, `discount_percent`, `total_price`, `created_at`, `updated_at`) VALUES (27, 53, '2020-04-03', '2020-12-09', '90.00', '24233.00', '2020-05-15 21:23:48', '2020-12-04 22:48:39');
INSERT INTO `reservations` (`id`, `guest_id`, `start_date`, `end_date`, `discount_percent`, `total_price`, `created_at`, `updated_at`) VALUES (28, 38, '2021-03-13', '2020-11-24', '72.00', '146870.50', '2020-05-19 18:15:43', '2020-05-27 00:53:08');
INSERT INTO `reservations` (`id`, `guest_id`, `start_date`, `end_date`, `discount_percent`, `total_price`, `created_at`, `updated_at`) VALUES (29, 100, '2020-12-29', '2021-01-14', '37.00', '112683.00', '2020-11-24 02:12:19', '2020-08-26 03:29:41');
INSERT INTO `reservations` (`id`, `guest_id`, `start_date`, `end_date`, `discount_percent`, `total_price`, `created_at`, `updated_at`) VALUES (30, 61, '2020-05-25', '2020-03-25', '32.00', '196715.48', '2021-01-03 20:56:18', '2021-02-26 10:31:39');
INSERT INTO `reservations` (`id`, `guest_id`, `start_date`, `end_date`, `discount_percent`, `total_price`, `created_at`, `updated_at`) VALUES (31, 25, '2020-07-24', '2020-09-25', '43.00', '55414.21', '2020-12-15 01:00:41', '2020-06-11 22:06:24');
INSERT INTO `reservations` (`id`, `guest_id`, `start_date`, `end_date`, `discount_percent`, `total_price`, `created_at`, `updated_at`) VALUES (32, 71, '2020-03-21', '2020-11-30', '1.00', '17210.04', '2020-09-22 13:40:07', '2020-07-22 14:40:30');
INSERT INTO `reservations` (`id`, `guest_id`, `start_date`, `end_date`, `discount_percent`, `total_price`, `created_at`, `updated_at`) VALUES (33, 20, '2020-07-18', '2021-02-14', '65.00', '156586.00', '2020-04-26 05:45:12', '2020-03-24 07:30:34');
INSERT INTO `reservations` (`id`, `guest_id`, `start_date`, `end_date`, `discount_percent`, `total_price`, `created_at`, `updated_at`) VALUES (34, 1, '2020-04-04', '2020-08-14', '51.00', '56878.70', '2020-08-31 02:22:11', '2020-05-09 15:10:57');
INSERT INTO `reservations` (`id`, `guest_id`, `start_date`, `end_date`, `discount_percent`, `total_price`, `created_at`, `updated_at`) VALUES (35, 39, '2020-11-04', '2020-04-05', '60.00', '132897.76', '2021-02-04 19:41:32', '2020-04-19 21:48:15');
INSERT INTO `reservations` (`id`, `guest_id`, `start_date`, `end_date`, `discount_percent`, `total_price`, `created_at`, `updated_at`) VALUES (36, 71, '2020-10-28', '2020-08-07', '36.00', '62893.01', '2020-07-10 21:29:08', '2021-01-09 20:48:12');
INSERT INTO `reservations` (`id`, `guest_id`, `start_date`, `end_date`, `discount_percent`, `total_price`, `created_at`, `updated_at`) VALUES (37, 11, '2020-06-06', '2020-11-02', '35.00', '186034.00', '2021-01-22 01:00:43', '2020-09-28 14:27:40');
INSERT INTO `reservations` (`id`, `guest_id`, `start_date`, `end_date`, `discount_percent`, `total_price`, `created_at`, `updated_at`) VALUES (38, 13, '2021-01-27', '2020-12-01', '59.00', '149165.17', '2021-03-08 07:00:28', '2021-03-14 08:42:07');
INSERT INTO `reservations` (`id`, `guest_id`, `start_date`, `end_date`, `discount_percent`, `total_price`, `created_at`, `updated_at`) VALUES (39, 65, '2020-12-03', '2020-11-21', '75.00', '146425.32', '2020-06-28 15:27:29', '2020-08-25 14:53:46');
INSERT INTO `reservations` (`id`, `guest_id`, `start_date`, `end_date`, `discount_percent`, `total_price`, `created_at`, `updated_at`) VALUES (40, 83, '2020-12-23', '2020-04-07', '54.00', '83551.72', '2020-12-18 06:28:41', '2021-01-12 15:36:20');
INSERT INTO `reservations` (`id`, `guest_id`, `start_date`, `end_date`, `discount_percent`, `total_price`, `created_at`, `updated_at`) VALUES (41, 93, '2021-03-09', '2020-06-27', '63.00', '65558.40', '2021-02-08 19:54:36', '2020-12-22 19:47:41');
INSERT INTO `reservations` (`id`, `guest_id`, `start_date`, `end_date`, `discount_percent`, `total_price`, `created_at`, `updated_at`) VALUES (42, 30, '2020-04-03', '2021-02-22', '15.00', '52989.85', '2020-04-22 08:54:44', '2021-01-06 14:17:46');
INSERT INTO `reservations` (`id`, `guest_id`, `start_date`, `end_date`, `discount_percent`, `total_price`, `created_at`, `updated_at`) VALUES (43, 57, '2020-10-10', '2021-01-16', '51.00', '174271.54', '2020-03-30 03:50:45', '2021-01-23 15:35:47');
INSERT INTO `reservations` (`id`, `guest_id`, `start_date`, `end_date`, `discount_percent`, `total_price`, `created_at`, `updated_at`) VALUES (44, 54, '2020-03-18', '2020-04-01', '38.00', '82609.21', '2020-05-07 07:34:54', '2020-05-23 15:12:57');
INSERT INTO `reservations` (`id`, `guest_id`, `start_date`, `end_date`, `discount_percent`, `total_price`, `created_at`, `updated_at`) VALUES (45, 7, '2020-10-02', '2020-10-17', '63.00', '174429.67', '2020-08-11 01:20:54', '2020-05-12 02:33:11');
INSERT INTO `reservations` (`id`, `guest_id`, `start_date`, `end_date`, `discount_percent`, `total_price`, `created_at`, `updated_at`) VALUES (46, 54, '2020-04-13', '2020-12-15', '76.00', '34277.13', '2020-09-23 03:24:44', '2020-10-22 13:47:08');
INSERT INTO `reservations` (`id`, `guest_id`, `start_date`, `end_date`, `discount_percent`, `total_price`, `created_at`, `updated_at`) VALUES (47, 10, '2021-02-08', '2020-03-28', '73.00', '92076.96', '2020-04-17 02:30:39', '2020-12-27 02:02:48');
INSERT INTO `reservations` (`id`, `guest_id`, `start_date`, `end_date`, `discount_percent`, `total_price`, `created_at`, `updated_at`) VALUES (48, 37, '2021-03-14', '2020-11-23', '88.00', '146564.00', '2021-01-17 00:50:32', '2020-07-24 17:50:14');
INSERT INTO `reservations` (`id`, `guest_id`, `start_date`, `end_date`, `discount_percent`, `total_price`, `created_at`, `updated_at`) VALUES (49, 29, '2021-02-23', '2020-03-29', '16.00', '67931.85', '2020-09-13 17:27:01', '2020-12-08 22:57:05');
INSERT INTO `reservations` (`id`, `guest_id`, `start_date`, `end_date`, `discount_percent`, `total_price`, `created_at`, `updated_at`) VALUES (50, 68, '2020-07-26', '2021-01-23', '67.00', '176228.95', '2020-10-08 11:21:04', '2020-07-09 19:38:01');
INSERT INTO `reservations` (`id`, `guest_id`, `start_date`, `end_date`, `discount_percent`, `total_price`, `created_at`, `updated_at`) VALUES (51, 1, '2020-04-15', '2020-09-02', '40.00', '92107.40', '2020-11-13 18:04:48', '2020-12-19 21:00:37');
INSERT INTO `reservations` (`id`, `guest_id`, `start_date`, `end_date`, `discount_percent`, `total_price`, `created_at`, `updated_at`) VALUES (52, 20, '2020-09-30', '2020-07-16', '75.00', '35827.40', '2020-10-22 07:23:53', '2020-08-07 16:59:01');
INSERT INTO `reservations` (`id`, `guest_id`, `start_date`, `end_date`, `discount_percent`, `total_price`, `created_at`, `updated_at`) VALUES (53, 17, '2020-07-03', '2020-11-16', '47.00', '98720.45', '2020-12-21 15:52:28', '2021-02-26 22:27:01');
INSERT INTO `reservations` (`id`, `guest_id`, `start_date`, `end_date`, `discount_percent`, `total_price`, `created_at`, `updated_at`) VALUES (54, 79, '2020-10-05', '2020-07-19', '98.00', '121513.97', '2020-10-31 11:30:45', '2020-05-23 11:24:06');
INSERT INTO `reservations` (`id`, `guest_id`, `start_date`, `end_date`, `discount_percent`, `total_price`, `created_at`, `updated_at`) VALUES (55, 63, '2020-04-12', '2020-06-29', '55.00', '47570.81', '2020-08-15 03:13:57', '2020-07-25 19:33:14');
INSERT INTO `reservations` (`id`, `guest_id`, `start_date`, `end_date`, `discount_percent`, `total_price`, `created_at`, `updated_at`) VALUES (56, 68, '2020-05-17', '2020-04-30', '54.00', '7107.41', '2020-06-23 01:10:58', '2021-03-07 05:48:37');
INSERT INTO `reservations` (`id`, `guest_id`, `start_date`, `end_date`, `discount_percent`, `total_price`, `created_at`, `updated_at`) VALUES (57, 57, '2020-04-19', '2020-06-28', '57.00', '64574.10', '2020-12-06 11:54:57', '2020-08-13 20:41:01');
INSERT INTO `reservations` (`id`, `guest_id`, `start_date`, `end_date`, `discount_percent`, `total_price`, `created_at`, `updated_at`) VALUES (58, 15, '2020-08-22', '2020-12-12', '5.00', '82880.70', '2021-01-10 16:16:02', '2020-07-20 11:18:51');
INSERT INTO `reservations` (`id`, `guest_id`, `start_date`, `end_date`, `discount_percent`, `total_price`, `created_at`, `updated_at`) VALUES (59, 6, '2020-08-19', '2020-05-28', '92.00', '17268.49', '2020-10-24 00:04:00', '2020-07-17 01:24:45');
INSERT INTO `reservations` (`id`, `guest_id`, `start_date`, `end_date`, `discount_percent`, `total_price`, `created_at`, `updated_at`) VALUES (60, 56, '2021-01-28', '2021-01-16', '44.00', '61156.85', '2021-03-04 22:18:02', '2020-06-01 17:21:39');
INSERT INTO `reservations` (`id`, `guest_id`, `start_date`, `end_date`, `discount_percent`, `total_price`, `created_at`, `updated_at`) VALUES (61, 76, '2020-05-08', '2021-01-31', '16.00', '9820.32', '2020-04-26 23:13:00', '2021-02-17 12:20:21');
INSERT INTO `reservations` (`id`, `guest_id`, `start_date`, `end_date`, `discount_percent`, `total_price`, `created_at`, `updated_at`) VALUES (62, 31, '2020-04-22', '2021-01-25', '100.00', '157176.10', '2020-12-30 11:11:43', '2020-03-25 12:58:42');
INSERT INTO `reservations` (`id`, `guest_id`, `start_date`, `end_date`, `discount_percent`, `total_price`, `created_at`, `updated_at`) VALUES (63, 27, '2020-08-10', '2020-03-29', '97.00', '69809.55', '2020-05-28 17:51:11', '2020-05-09 08:10:22');
INSERT INTO `reservations` (`id`, `guest_id`, `start_date`, `end_date`, `discount_percent`, `total_price`, `created_at`, `updated_at`) VALUES (64, 95, '2020-07-26', '2020-10-27', '64.00', '152861.63', '2020-05-20 21:02:16', '2020-10-06 05:12:53');
INSERT INTO `reservations` (`id`, `guest_id`, `start_date`, `end_date`, `discount_percent`, `total_price`, `created_at`, `updated_at`) VALUES (65, 31, '2020-11-10', '2020-05-21', '55.00', '68284.30', '2020-05-22 07:18:33', '2020-09-20 15:11:53');
INSERT INTO `reservations` (`id`, `guest_id`, `start_date`, `end_date`, `discount_percent`, `total_price`, `created_at`, `updated_at`) VALUES (66, 65, '2020-11-26', '2020-05-07', '72.00', '112975.05', '2020-12-24 23:19:06', '2020-09-10 03:12:12');
INSERT INTO `reservations` (`id`, `guest_id`, `start_date`, `end_date`, `discount_percent`, `total_price`, `created_at`, `updated_at`) VALUES (67, 66, '2020-05-28', '2020-12-16', '68.00', '22880.95', '2021-02-08 21:30:43', '2020-10-28 03:48:18');
INSERT INTO `reservations` (`id`, `guest_id`, `start_date`, `end_date`, `discount_percent`, `total_price`, `created_at`, `updated_at`) VALUES (68, 42, '2021-02-23', '2020-10-11', '59.00', '131314.73', '2020-07-26 19:14:36', '2020-04-20 16:03:08');
INSERT INTO `reservations` (`id`, `guest_id`, `start_date`, `end_date`, `discount_percent`, `total_price`, `created_at`, `updated_at`) VALUES (69, 77, '2020-09-13', '2021-02-16', '61.00', '147957.46', '2020-12-28 07:41:37', '2021-01-02 02:30:18');
INSERT INTO `reservations` (`id`, `guest_id`, `start_date`, `end_date`, `discount_percent`, `total_price`, `created_at`, `updated_at`) VALUES (70, 31, '2020-08-02', '2020-08-16', '8.00', '199834.40', '2021-03-04 13:12:55', '2021-01-17 09:08:49');
INSERT INTO `reservations` (`id`, `guest_id`, `start_date`, `end_date`, `discount_percent`, `total_price`, `created_at`, `updated_at`) VALUES (71, 25, '2021-03-10', '2020-10-01', '1.00', '181233.50', '2020-03-22 18:14:53', '2020-06-11 23:26:48');
INSERT INTO `reservations` (`id`, `guest_id`, `start_date`, `end_date`, `discount_percent`, `total_price`, `created_at`, `updated_at`) VALUES (72, 69, '2021-02-08', '2020-12-31', '20.00', '84243.82', '2020-06-17 09:09:00', '2021-02-05 15:47:55');
INSERT INTO `reservations` (`id`, `guest_id`, `start_date`, `end_date`, `discount_percent`, `total_price`, `created_at`, `updated_at`) VALUES (73, 60, '2020-10-14', '2020-06-26', '25.00', '151710.01', '2020-07-12 23:31:15', '2020-06-17 23:18:20');
INSERT INTO `reservations` (`id`, `guest_id`, `start_date`, `end_date`, `discount_percent`, `total_price`, `created_at`, `updated_at`) VALUES (74, 81, '2020-04-04', '2021-03-10', '42.00', '194780.97', '2020-07-11 09:52:13', '2020-04-02 10:48:14');
INSERT INTO `reservations` (`id`, `guest_id`, `start_date`, `end_date`, `discount_percent`, `total_price`, `created_at`, `updated_at`) VALUES (75, 23, '2020-04-06', '2020-06-23', '6.00', '180666.45', '2020-12-15 19:29:31', '2020-08-14 21:44:27');
INSERT INTO `reservations` (`id`, `guest_id`, `start_date`, `end_date`, `discount_percent`, `total_price`, `created_at`, `updated_at`) VALUES (76, 66, '2020-12-13', '2021-01-06', '58.00', '50138.00', '2020-09-24 02:03:19', '2021-03-17 14:25:46');
INSERT INTO `reservations` (`id`, `guest_id`, `start_date`, `end_date`, `discount_percent`, `total_price`, `created_at`, `updated_at`) VALUES (77, 34, '2020-07-18', '2020-09-30', '23.00', '197150.58', '2020-03-30 13:43:40', '2020-08-08 21:06:59');
INSERT INTO `reservations` (`id`, `guest_id`, `start_date`, `end_date`, `discount_percent`, `total_price`, `created_at`, `updated_at`) VALUES (78, 32, '2020-04-25', '2020-07-26', '59.00', '48135.20', '2020-03-31 04:39:39', '2020-04-01 11:04:57');
INSERT INTO `reservations` (`id`, `guest_id`, `start_date`, `end_date`, `discount_percent`, `total_price`, `created_at`, `updated_at`) VALUES (79, 3, '2020-12-26', '2020-07-27', '90.00', '191227.96', '2020-04-27 10:49:18', '2020-04-17 18:00:12');
INSERT INTO `reservations` (`id`, `guest_id`, `start_date`, `end_date`, `discount_percent`, `total_price`, `created_at`, `updated_at`) VALUES (80, 63, '2020-07-30', '2020-06-19', '18.00', '66195.33', '2020-03-25 20:48:40', '2020-09-12 19:59:45');
INSERT INTO `reservations` (`id`, `guest_id`, `start_date`, `end_date`, `discount_percent`, `total_price`, `created_at`, `updated_at`) VALUES (81, 100, '2020-04-08', '2020-08-16', '45.00', '198227.34', '2020-11-16 03:44:44', '2020-05-31 02:21:42');
INSERT INTO `reservations` (`id`, `guest_id`, `start_date`, `end_date`, `discount_percent`, `total_price`, `created_at`, `updated_at`) VALUES (82, 4, '2020-11-28', '2021-03-17', '27.00', '48247.91', '2020-06-02 21:30:55', '2020-06-13 22:41:41');
INSERT INTO `reservations` (`id`, `guest_id`, `start_date`, `end_date`, `discount_percent`, `total_price`, `created_at`, `updated_at`) VALUES (83, 82, '2020-11-20', '2020-10-12', '82.00', '195347.72', '2020-10-02 22:08:41', '2020-12-21 07:52:57');
INSERT INTO `reservations` (`id`, `guest_id`, `start_date`, `end_date`, `discount_percent`, `total_price`, `created_at`, `updated_at`) VALUES (84, 16, '2020-06-08', '2020-04-24', '85.00', '110824.98', '2020-11-03 04:07:05', '2021-03-01 01:49:06');
INSERT INTO `reservations` (`id`, `guest_id`, `start_date`, `end_date`, `discount_percent`, `total_price`, `created_at`, `updated_at`) VALUES (85, 83, '2020-07-07', '2020-06-11', '93.00', '54944.57', '2020-07-10 20:21:50', '2020-11-01 14:16:55');
INSERT INTO `reservations` (`id`, `guest_id`, `start_date`, `end_date`, `discount_percent`, `total_price`, `created_at`, `updated_at`) VALUES (86, 45, '2021-02-16', '2020-09-25', '65.00', '60890.60', '2020-04-22 00:12:25', '2020-03-27 02:59:11');
INSERT INTO `reservations` (`id`, `guest_id`, `start_date`, `end_date`, `discount_percent`, `total_price`, `created_at`, `updated_at`) VALUES (87, 84, '2021-03-07', '2020-11-22', '23.00', '29972.01', '2020-05-06 23:24:13', '2020-11-15 06:14:25');
INSERT INTO `reservations` (`id`, `guest_id`, `start_date`, `end_date`, `discount_percent`, `total_price`, `created_at`, `updated_at`) VALUES (88, 39, '2020-06-16', '2020-06-16', '44.00', '7273.80', '2020-11-25 04:31:13', '2021-03-01 12:50:34');
INSERT INTO `reservations` (`id`, `guest_id`, `start_date`, `end_date`, `discount_percent`, `total_price`, `created_at`, `updated_at`) VALUES (89, 59, '2020-05-25', '2020-11-15', '48.00', '195303.84', '2020-08-10 04:20:00', '2020-11-03 12:23:29');
INSERT INTO `reservations` (`id`, `guest_id`, `start_date`, `end_date`, `discount_percent`, `total_price`, `created_at`, `updated_at`) VALUES (90, 89, '2020-05-24', '2020-05-17', '23.00', '10569.68', '2020-03-29 14:14:05', '2020-11-18 22:54:54');
INSERT INTO `reservations` (`id`, `guest_id`, `start_date`, `end_date`, `discount_percent`, `total_price`, `created_at`, `updated_at`) VALUES (91, 95, '2020-05-19', '2020-10-19', '3.00', '49784.73', '2021-02-19 14:46:04', '2020-07-09 23:58:00');
INSERT INTO `reservations` (`id`, `guest_id`, `start_date`, `end_date`, `discount_percent`, `total_price`, `created_at`, `updated_at`) VALUES (92, 35, '2020-09-08', '2020-12-03', '58.00', '115796.74', '2021-01-14 16:56:10', '2021-02-25 06:22:06');
INSERT INTO `reservations` (`id`, `guest_id`, `start_date`, `end_date`, `discount_percent`, `total_price`, `created_at`, `updated_at`) VALUES (93, 20, '2020-08-09', '2021-02-21', '58.00', '97406.90', '2020-06-06 20:23:54', '2020-12-19 23:45:13');
INSERT INTO `reservations` (`id`, `guest_id`, `start_date`, `end_date`, `discount_percent`, `total_price`, `created_at`, `updated_at`) VALUES (94, 21, '2020-12-12', '2020-05-20', '40.00', '13917.82', '2020-05-07 01:09:02', '2020-07-23 20:45:56');
INSERT INTO `reservations` (`id`, `guest_id`, `start_date`, `end_date`, `discount_percent`, `total_price`, `created_at`, `updated_at`) VALUES (95, 29, '2020-10-08', '2021-02-26', '100.00', '46699.68', '2020-07-01 11:46:20', '2021-01-28 21:01:42');
INSERT INTO `reservations` (`id`, `guest_id`, `start_date`, `end_date`, `discount_percent`, `total_price`, `created_at`, `updated_at`) VALUES (96, 50, '2020-04-20', '2020-04-30', '86.00', '37549.07', '2020-10-09 00:45:04', '2020-08-25 08:56:37');
INSERT INTO `reservations` (`id`, `guest_id`, `start_date`, `end_date`, `discount_percent`, `total_price`, `created_at`, `updated_at`) VALUES (97, 85, '2020-05-02', '2020-06-12', '77.00', '181720.72', '2020-07-30 16:09:37', '2020-06-18 11:35:55');
INSERT INTO `reservations` (`id`, `guest_id`, `start_date`, `end_date`, `discount_percent`, `total_price`, `created_at`, `updated_at`) VALUES (98, 95, '2020-04-13', '2020-04-10', '27.00', '115575.55', '2020-06-12 14:36:49', '2020-12-08 16:45:50');
INSERT INTO `reservations` (`id`, `guest_id`, `start_date`, `end_date`, `discount_percent`, `total_price`, `created_at`, `updated_at`) VALUES (99, 92, '2020-05-28', '2020-09-07', '44.00', '3083.55', '2020-03-19 09:29:32', '2020-03-24 03:40:59');
INSERT INTO `reservations` (`id`, `guest_id`, `start_date`, `end_date`, `discount_percent`, `total_price`, `created_at`, `updated_at`) VALUES (100, 61, '2021-02-12', '2020-08-07', '64.00', '149988.04', '2020-07-26 05:33:41', '2020-05-11 10:24:39');


#
# TABLE STRUCTURE FOR: room_reserved
#

DROP TABLE IF EXISTS `room_reserved`;

CREATE TABLE `room_reserved` (
  `id` int(10) unsigned NOT NULL AUTO_INCREMENT COMMENT 'Идентификатор строки',
  `reservation_id` int(10) unsigned NOT NULL COMMENT 'Ссылка на бронирование',
  `room_id` int(10) unsigned NOT NULL COMMENT 'Ссылка на номер',
  `price` decimal(10,2) DEFAULT NULL COMMENT 'Стоимость номера',
  PRIMARY KEY (`id`),
  KEY `room_reserved_reservation_id_fk` (`reservation_id`),
  KEY `room_reserved_room_id_fk` (`room_id`),
  CONSTRAINT `room_reserved_reservation_id_fk` FOREIGN KEY (`reservation_id`) REFERENCES `reservations` (`id`),
  CONSTRAINT `room_reserved_room_id_fk` FOREIGN KEY (`room_id`) REFERENCES `rooms` (`id`)
) ENGINE=InnoDB AUTO_INCREMENT=101 DEFAULT CHARSET=utf8mb4 COLLATE=utf8mb4_unicode_ci COMMENT='Cписок забронированных номеров';

INSERT INTO `room_reserved` (`id`, `reservation_id`, `room_id`, `price`) VALUES (1, 30, 197, '77073.00');
INSERT INTO `room_reserved` (`id`, `reservation_id`, `room_id`, `price`) VALUES (2, 42, 176, '88872.40');
INSERT INTO `room_reserved` (`id`, `reservation_id`, `room_id`, `price`) VALUES (3, 60, 98, '70059.60');
INSERT INTO `room_reserved` (`id`, `reservation_id`, `room_id`, `price`) VALUES (4, 58, 215, '12515.00');
INSERT INTO `room_reserved` (`id`, `reservation_id`, `room_id`, `price`) VALUES (5, 67, 193, '2590.24');
INSERT INTO `room_reserved` (`id`, `reservation_id`, `room_id`, `price`) VALUES (6, 57, 132, '10900.20');
INSERT INTO `room_reserved` (`id`, `reservation_id`, `room_id`, `price`) VALUES (7, 93, 134, '28071.68');
INSERT INTO `room_reserved` (`id`, `reservation_id`, `room_id`, `price`) VALUES (8, 74, 152, '26621.89');
INSERT INTO `room_reserved` (`id`, `reservation_id`, `room_id`, `price`) VALUES (9, 100, 11, '99489.16');
INSERT INTO `room_reserved` (`id`, `reservation_id`, `room_id`, `price`) VALUES (10, 47, 213, '56013.20');
INSERT INTO `room_reserved` (`id`, `reservation_id`, `room_id`, `price`) VALUES (11, 46, 91, '83045.41');
INSERT INTO `room_reserved` (`id`, `reservation_id`, `room_id`, `price`) VALUES (12, 69, 226, '91299.52');
INSERT INTO `room_reserved` (`id`, `reservation_id`, `room_id`, `price`) VALUES (13, 21, 184, '39685.89');
INSERT INTO `room_reserved` (`id`, `reservation_id`, `room_id`, `price`) VALUES (14, 66, 1, '36698.24');
INSERT INTO `room_reserved` (`id`, `reservation_id`, `room_id`, `price`) VALUES (15, 23, 178, '76597.00');
INSERT INTO `room_reserved` (`id`, `reservation_id`, `room_id`, `price`) VALUES (16, 31, 157, '41358.68');
INSERT INTO `room_reserved` (`id`, `reservation_id`, `room_id`, `price`) VALUES (17, 25, 216, '12640.55');
INSERT INTO `room_reserved` (`id`, `reservation_id`, `room_id`, `price`) VALUES (18, 11, 254, '69601.44');
INSERT INTO `room_reserved` (`id`, `reservation_id`, `room_id`, `price`) VALUES (19, 5, 207, '3179.20');
INSERT INTO `room_reserved` (`id`, `reservation_id`, `room_id`, `price`) VALUES (20, 57, 214, '61960.59');
INSERT INTO `room_reserved` (`id`, `reservation_id`, `room_id`, `price`) VALUES (21, 33, 39, '49828.39');
INSERT INTO `room_reserved` (`id`, `reservation_id`, `room_id`, `price`) VALUES (22, 16, 77, '60726.20');
INSERT INTO `room_reserved` (`id`, `reservation_id`, `room_id`, `price`) VALUES (23, 58, 266, '74190.24');
INSERT INTO `room_reserved` (`id`, `reservation_id`, `room_id`, `price`) VALUES (24, 77, 171, '33484.68');
INSERT INTO `room_reserved` (`id`, `reservation_id`, `room_id`, `price`) VALUES (25, 93, 67, '73161.20');
INSERT INTO `room_reserved` (`id`, `reservation_id`, `room_id`, `price`) VALUES (26, 28, 114, '41508.67');
INSERT INTO `room_reserved` (`id`, `reservation_id`, `room_id`, `price`) VALUES (27, 53, 289, '48802.03');
INSERT INTO `room_reserved` (`id`, `reservation_id`, `room_id`, `price`) VALUES (28, 13, 220, '81186.96');
INSERT INTO `room_reserved` (`id`, `reservation_id`, `room_id`, `price`) VALUES (29, 58, 236, '24201.59');
INSERT INTO `room_reserved` (`id`, `reservation_id`, `room_id`, `price`) VALUES (30, 74, 241, '93657.70');
INSERT INTO `room_reserved` (`id`, `reservation_id`, `room_id`, `price`) VALUES (31, 38, 11, '6173.06');
INSERT INTO `room_reserved` (`id`, `reservation_id`, `room_id`, `price`) VALUES (32, 33, 189, '40906.14');
INSERT INTO `room_reserved` (`id`, `reservation_id`, `room_id`, `price`) VALUES (33, 76, 130, '11026.26');
INSERT INTO `room_reserved` (`id`, `reservation_id`, `room_id`, `price`) VALUES (34, 48, 239, '59000.27');
INSERT INTO `room_reserved` (`id`, `reservation_id`, `room_id`, `price`) VALUES (35, 12, 11, '34551.74');
INSERT INTO `room_reserved` (`id`, `reservation_id`, `room_id`, `price`) VALUES (36, 51, 135, '1069.04');
INSERT INTO `room_reserved` (`id`, `reservation_id`, `room_id`, `price`) VALUES (37, 17, 198, '95827.78');
INSERT INTO `room_reserved` (`id`, `reservation_id`, `room_id`, `price`) VALUES (38, 71, 222, '59739.03');
INSERT INTO `room_reserved` (`id`, `reservation_id`, `room_id`, `price`) VALUES (39, 55, 139, '29510.11');
INSERT INTO `room_reserved` (`id`, `reservation_id`, `room_id`, `price`) VALUES (40, 31, 140, '48868.80');
INSERT INTO `room_reserved` (`id`, `reservation_id`, `room_id`, `price`) VALUES (41, 69, 174, '24402.00');
INSERT INTO `room_reserved` (`id`, `reservation_id`, `room_id`, `price`) VALUES (42, 85, 63, '44543.90');
INSERT INTO `room_reserved` (`id`, `reservation_id`, `room_id`, `price`) VALUES (43, 55, 292, '15949.03');
INSERT INTO `room_reserved` (`id`, `reservation_id`, `room_id`, `price`) VALUES (44, 94, 35, '95887.30');
INSERT INTO `room_reserved` (`id`, `reservation_id`, `room_id`, `price`) VALUES (45, 76, 201, '33760.04');
INSERT INTO `room_reserved` (`id`, `reservation_id`, `room_id`, `price`) VALUES (46, 92, 40, '62389.22');
INSERT INTO `room_reserved` (`id`, `reservation_id`, `room_id`, `price`) VALUES (47, 71, 72, '13225.08');
INSERT INTO `room_reserved` (`id`, `reservation_id`, `room_id`, `price`) VALUES (48, 77, 138, '57758.95');
INSERT INTO `room_reserved` (`id`, `reservation_id`, `room_id`, `price`) VALUES (49, 67, 70, '62965.87');
INSERT INTO `room_reserved` (`id`, `reservation_id`, `room_id`, `price`) VALUES (50, 26, 237, '62592.99');
INSERT INTO `room_reserved` (`id`, `reservation_id`, `room_id`, `price`) VALUES (51, 27, 229, '98564.29');
INSERT INTO `room_reserved` (`id`, `reservation_id`, `room_id`, `price`) VALUES (52, 24, 130, '95564.77');
INSERT INTO `room_reserved` (`id`, `reservation_id`, `room_id`, `price`) VALUES (53, 42, 281, '7475.64');
INSERT INTO `room_reserved` (`id`, `reservation_id`, `room_id`, `price`) VALUES (54, 17, 289, '43827.56');
INSERT INTO `room_reserved` (`id`, `reservation_id`, `room_id`, `price`) VALUES (55, 40, 142, '68299.09');
INSERT INTO `room_reserved` (`id`, `reservation_id`, `room_id`, `price`) VALUES (56, 43, 25, '31364.87');
INSERT INTO `room_reserved` (`id`, `reservation_id`, `room_id`, `price`) VALUES (57, 6, 81, '19480.51');
INSERT INTO `room_reserved` (`id`, `reservation_id`, `room_id`, `price`) VALUES (58, 29, 179, '27547.55');
INSERT INTO `room_reserved` (`id`, `reservation_id`, `room_id`, `price`) VALUES (59, 25, 69, '56658.88');
INSERT INTO `room_reserved` (`id`, `reservation_id`, `room_id`, `price`) VALUES (60, 71, 299, '4485.00');
INSERT INTO `room_reserved` (`id`, `reservation_id`, `room_id`, `price`) VALUES (61, 90, 188, '31676.35');
INSERT INTO `room_reserved` (`id`, `reservation_id`, `room_id`, `price`) VALUES (62, 13, 181, '94272.92');
INSERT INTO `room_reserved` (`id`, `reservation_id`, `room_id`, `price`) VALUES (63, 87, 267, '35425.87');
INSERT INTO `room_reserved` (`id`, `reservation_id`, `room_id`, `price`) VALUES (64, 7, 160, '72802.92');
INSERT INTO `room_reserved` (`id`, `reservation_id`, `room_id`, `price`) VALUES (65, 13, 95, '4494.32');
INSERT INTO `room_reserved` (`id`, `reservation_id`, `room_id`, `price`) VALUES (66, 33, 118, '31559.13');
INSERT INTO `room_reserved` (`id`, `reservation_id`, `room_id`, `price`) VALUES (67, 8, 167, '64865.82');
INSERT INTO `room_reserved` (`id`, `reservation_id`, `room_id`, `price`) VALUES (68, 83, 150, '75040.90');
INSERT INTO `room_reserved` (`id`, `reservation_id`, `room_id`, `price`) VALUES (69, 49, 298, '98795.95');
INSERT INTO `room_reserved` (`id`, `reservation_id`, `room_id`, `price`) VALUES (70, 47, 267, '90462.96');
INSERT INTO `room_reserved` (`id`, `reservation_id`, `room_id`, `price`) VALUES (71, 47, 267, '7475.28');
INSERT INTO `room_reserved` (`id`, `reservation_id`, `room_id`, `price`) VALUES (72, 98, 155, '60316.10');
INSERT INTO `room_reserved` (`id`, `reservation_id`, `room_id`, `price`) VALUES (73, 16, 79, '37946.15');
INSERT INTO `room_reserved` (`id`, `reservation_id`, `room_id`, `price`) VALUES (74, 12, 119, '96625.29');
INSERT INTO `room_reserved` (`id`, `reservation_id`, `room_id`, `price`) VALUES (75, 49, 246, '49650.80');
INSERT INTO `room_reserved` (`id`, `reservation_id`, `room_id`, `price`) VALUES (76, 40, 116, '11200.96');
INSERT INTO `room_reserved` (`id`, `reservation_id`, `room_id`, `price`) VALUES (77, 45, 157, '5155.67');
INSERT INTO `room_reserved` (`id`, `reservation_id`, `room_id`, `price`) VALUES (78, 99, 93, '40778.67');
INSERT INTO `room_reserved` (`id`, `reservation_id`, `room_id`, `price`) VALUES (79, 41, 15, '65665.69');
INSERT INTO `room_reserved` (`id`, `reservation_id`, `room_id`, `price`) VALUES (80, 85, 160, '18075.42');
INSERT INTO `room_reserved` (`id`, `reservation_id`, `room_id`, `price`) VALUES (81, 37, 49, '98194.58');
INSERT INTO `room_reserved` (`id`, `reservation_id`, `room_id`, `price`) VALUES (82, 93, 133, '4193.42');
INSERT INTO `room_reserved` (`id`, `reservation_id`, `room_id`, `price`) VALUES (83, 72, 223, '3216.32');
INSERT INTO `room_reserved` (`id`, `reservation_id`, `room_id`, `price`) VALUES (84, 95, 62, '51665.86');
INSERT INTO `room_reserved` (`id`, `reservation_id`, `room_id`, `price`) VALUES (85, 74, 121, '28625.74');
INSERT INTO `room_reserved` (`id`, `reservation_id`, `room_id`, `price`) VALUES (86, 10, 60, '28053.40');
INSERT INTO `room_reserved` (`id`, `reservation_id`, `room_id`, `price`) VALUES (87, 29, 20, '97488.40');
INSERT INTO `room_reserved` (`id`, `reservation_id`, `room_id`, `price`) VALUES (88, 72, 134, '17331.79');
INSERT INTO `room_reserved` (`id`, `reservation_id`, `room_id`, `price`) VALUES (89, 33, 248, '88470.33');
INSERT INTO `room_reserved` (`id`, `reservation_id`, `room_id`, `price`) VALUES (90, 85, 245, '36707.66');
INSERT INTO `room_reserved` (`id`, `reservation_id`, `room_id`, `price`) VALUES (91, 65, 71, '16597.95');
INSERT INTO `room_reserved` (`id`, `reservation_id`, `room_id`, `price`) VALUES (92, 21, 27, '57956.27');
INSERT INTO `room_reserved` (`id`, `reservation_id`, `room_id`, `price`) VALUES (93, 76, 58, '33266.60');
INSERT INTO `room_reserved` (`id`, `reservation_id`, `room_id`, `price`) VALUES (94, 40, 50, '41265.90');
INSERT INTO `room_reserved` (`id`, `reservation_id`, `room_id`, `price`) VALUES (95, 24, 72, '87246.00');
INSERT INTO `room_reserved` (`id`, `reservation_id`, `room_id`, `price`) VALUES (96, 70, 182, '58095.34');
INSERT INTO `room_reserved` (`id`, `reservation_id`, `room_id`, `price`) VALUES (97, 40, 186, '16723.81');
INSERT INTO `room_reserved` (`id`, `reservation_id`, `room_id`, `price`) VALUES (98, 5, 35, '78263.99');
INSERT INTO `room_reserved` (`id`, `reservation_id`, `room_id`, `price`) VALUES (99, 37, 296, '86830.82');
INSERT INTO `room_reserved` (`id`, `reservation_id`, `room_id`, `price`) VALUES (100, 32, 29, '60949.34');


#
# TABLE STRUCTURE FOR: room_types
#

DROP TABLE IF EXISTS `room_types`;

CREATE TABLE `room_types` (
  `id` int(10) unsigned NOT NULL AUTO_INCREMENT COMMENT 'Идентификатор строки',
  `type_name` enum('single','double','apartment','queen','king') COLLATE utf8mb4_unicode_ci NOT NULL COMMENT 'Имя категории номера',
  PRIMARY KEY (`id`),
  UNIQUE KEY `type_name` (`type_name`)
) ENGINE=InnoDB AUTO_INCREMENT=6 DEFAULT CHARSET=utf8mb4 COLLATE=utf8mb4_unicode_ci COMMENT='Категории отельных номеров';

INSERT INTO `room_types` (`id`, `type_name`) VALUES (1, 'single');
INSERT INTO `room_types` (`id`, `type_name`) VALUES (3, 'double');
INSERT INTO `room_types` (`id`, `type_name`) VALUES (5, 'apartment');
INSERT INTO `room_types` (`id`, `type_name`) VALUES (4, 'queen');
INSERT INTO `room_types` (`id`, `type_name`) VALUES (2, 'king');


#
# TABLE STRUCTURE FOR: rooms
#

DROP TABLE IF EXISTS `rooms`;

CREATE TABLE `rooms` (
  `id` int(10) unsigned NOT NULL AUTO_INCREMENT COMMENT 'Идентификатор строки',
  `room_type_id` int(10) unsigned NOT NULL COMMENT 'Ссылка на категорию номера',
  `room_name` varchar(100) COLLATE utf8mb4_unicode_ci NOT NULL COMMENT 'Название номера',
  `hotel_id` int(10) unsigned NOT NULL COMMENT 'Ссылка на отель',
  `current_price` decimal(10,2) DEFAULT NULL COMMENT 'Текущая стоимость номера',
  `room_description` text COLLATE utf8mb4_unicode_ci DEFAULT NULL COMMENT 'Описание номера',
  PRIMARY KEY (`id`),
  KEY `rooms_room_type_id_fk` (`room_type_id`),
  KEY `rooms_hotel_id_fk` (`hotel_id`),
  CONSTRAINT `rooms_hotel_id_fk` FOREIGN KEY (`hotel_id`) REFERENCES `hotels` (`id`),
  CONSTRAINT `rooms_room_type_id_fk` FOREIGN KEY (`room_type_id`) REFERENCES `room_types` (`id`)
) ENGINE=InnoDB AUTO_INCREMENT=301 DEFAULT CHARSET=utf8mb4 COLLATE=utf8mb4_unicode_ci COMMENT='Номера';

INSERT INTO `rooms` (`id`, `room_type_id`, `room_name`, `hotel_id`, `current_price`, `room_description`) VALUES (1, 5, '266', 55, '5900.91', 'Facilis consequatur aspernatur distinctio laboriosam a minus. Vel in ut autem blanditiis culpa. Perferendis aut nemo ut ea. Quibusdam amet delectus est repellat quidem expedita. Ea nisi labore sint modi culpa.');
INSERT INTO `rooms` (`id`, `room_type_id`, `room_name`, `hotel_id`, `current_price`, `room_description`) VALUES (2, 1, '55', 63, '1527.19', 'Cumque voluptatem voluptatibus laborum impedit rerum aliquid deserunt. Consectetur porro ducimus in itaque saepe hic eum tenetur. Itaque temporibus consequatur esse et exercitationem doloribus.');
INSERT INTO `rooms` (`id`, `room_type_id`, `room_name`, `hotel_id`, `current_price`, `room_description`) VALUES (3, 5, '269', 7, '9375.98', 'Odio sit voluptatem vel unde. Qui fugit voluptatem ut blanditiis sed omnis maxime. Fuga natus qui dolorem non.');
INSERT INTO `rooms` (`id`, `room_type_id`, `room_name`, `hotel_id`, `current_price`, `room_description`) VALUES (4, 3, '81', 32, '2451.80', 'Quae non debitis facilis aut explicabo. Ratione voluptatem recusandae itaque consectetur saepe odit. Mollitia ea aut eaque exercitationem quibusdam.');
INSERT INTO `rooms` (`id`, `room_type_id`, `room_name`, `hotel_id`, `current_price`, `room_description`) VALUES (5, 4, '83', 51, '6194.96', 'Veritatis eum necessitatibus maxime corporis molestias magni nam. Dignissimos sapiente consectetur enim ut repellat officia non. Accusamus est eum consequatur. Nesciunt omnis est sit quis provident voluptatibus.');
INSERT INTO `rooms` (`id`, `room_type_id`, `room_name`, `hotel_id`, `current_price`, `room_description`) VALUES (6, 1, '282', 3, '6180.85', 'Harum et praesentium architecto totam et quam magnam. Est delectus ex quas iure quia voluptatem quaerat.');
INSERT INTO `rooms` (`id`, `room_type_id`, `room_name`, `hotel_id`, `current_price`, `room_description`) VALUES (7, 5, '77', 50, '7284.45', 'Consequatur natus ut hic deleniti ut iste error. Error ut voluptas qui eius quasi temporibus sapiente. Accusantium impedit mollitia voluptas aspernatur neque veniam. Autem dolorem magnam possimus sint a rerum vel omnis.');
INSERT INTO `rooms` (`id`, `room_type_id`, `room_name`, `hotel_id`, `current_price`, `room_description`) VALUES (8, 4, '113', 16, '920.45', 'Molestiae nihil dicta repudiandae ut et et rerum. Voluptatem corporis similique et sit et. Natus et exercitationem provident cupiditate voluptatem velit velit.');
INSERT INTO `rooms` (`id`, `room_type_id`, `room_name`, `hotel_id`, `current_price`, `room_description`) VALUES (9, 1, '215', 22, '2327.06', 'Fugit quam dolores ipsam ab saepe. Sit ipsam blanditiis adipisci eos reiciendis impedit. Eaque perferendis nam praesentium laboriosam. Non nisi similique deserunt iusto ullam adipisci illum.');
INSERT INTO `rooms` (`id`, `room_type_id`, `room_name`, `hotel_id`, `current_price`, `room_description`) VALUES (10, 5, '207', 79, '6900.12', 'Eveniet cupiditate fugit illo ducimus nihil cum itaque. Aut laborum vel sapiente eos est. Minus aspernatur non enim veritatis asperiores ut quas.');
INSERT INTO `rooms` (`id`, `room_type_id`, `room_name`, `hotel_id`, `current_price`, `room_description`) VALUES (11, 5, '226', 26, '5040.00', 'Esse reiciendis vitae quia error temporibus voluptatem nulla. Praesentium reprehenderit quidem quo totam reiciendis. Eum voluptas eligendi eius ipsam impedit. Dolor iste ullam perspiciatis veniam dignissimos.');
INSERT INTO `rooms` (`id`, `room_type_id`, `room_name`, `hotel_id`, `current_price`, `room_description`) VALUES (12, 1, '85', 94, '260.93', 'Perferendis quisquam nemo corporis est est. Porro vero est voluptates perspiciatis impedit. Debitis explicabo vero ea laborum et molestiae.');
INSERT INTO `rooms` (`id`, `room_type_id`, `room_name`, `hotel_id`, `current_price`, `room_description`) VALUES (13, 2, '104', 98, '4853.76', 'Voluptatem esse modi aut. Nisi omnis culpa ut dolorum alias excepturi nesciunt. Aut sed nemo animi enim dolorum ea.');
INSERT INTO `rooms` (`id`, `room_type_id`, `room_name`, `hotel_id`, `current_price`, `room_description`) VALUES (14, 4, '196', 6, '4642.80', 'Sunt dignissimos qui officiis doloremque omnis voluptatem recusandae. Dolore et tenetur harum vero sapiente totam voluptatem. Perferendis soluta praesentium itaque nulla deserunt quia.');
INSERT INTO `rooms` (`id`, `room_type_id`, `room_name`, `hotel_id`, `current_price`, `room_description`) VALUES (15, 5, '99', 57, '1881.52', 'Ipsum atque facere dignissimos. Quia rerum iste quae similique eos atque. Officiis quis ut reprehenderit hic.');
INSERT INTO `rooms` (`id`, `room_type_id`, `room_name`, `hotel_id`, `current_price`, `room_description`) VALUES (16, 4, '1', 94, '8046.00', 'Dicta delectus voluptates ipsa. Est accusantium enim ad quo qui. Nemo repellat ipsum quidem ad magnam aut velit.');
INSERT INTO `rooms` (`id`, `room_type_id`, `room_name`, `hotel_id`, `current_price`, `room_description`) VALUES (17, 1, '240', 79, '6132.05', 'Nesciunt pariatur quaerat omnis nemo odio ea. Distinctio sint officia doloribus provident. Alias fugiat quasi omnis repudiandae rerum sed. Quis dolores aut non veniam. Accusantium nam exercitationem dolor eos ratione ea aut.');
INSERT INTO `rooms` (`id`, `room_type_id`, `room_name`, `hotel_id`, `current_price`, `room_description`) VALUES (18, 3, '16', 96, '7330.32', 'Ipsa cupiditate eligendi quidem dolorem dolores eligendi. Quo voluptates in possimus illum laudantium et et. Beatae perferendis qui dolore repellendus numquam fuga sed. Architecto maiores qui quia cumque rem autem.');
INSERT INTO `rooms` (`id`, `room_type_id`, `room_name`, `hotel_id`, `current_price`, `room_description`) VALUES (19, 5, '290', 12, '6906.50', 'Numquam iusto ut numquam qui dolor eligendi sapiente. Modi vel qui in occaecati tenetur quia. Sit occaecati sed facilis debitis. Expedita placeat molestiae qui et magni. Cumque rerum aut omnis unde cumque.');
INSERT INTO `rooms` (`id`, `room_type_id`, `room_name`, `hotel_id`, `current_price`, `room_description`) VALUES (20, 2, '191', 51, '6757.50', 'Omnis repudiandae totam minima. Et dicta quas voluptatem molestiae sed enim molestias aut.');
INSERT INTO `rooms` (`id`, `room_type_id`, `room_name`, `hotel_id`, `current_price`, `room_description`) VALUES (21, 4, '272', 37, '3290.75', 'Repudiandae vero est aut est magnam quia et. Nostrum fugiat eius ad facere. Velit harum soluta molestiae at necessitatibus quisquam. Facere harum et minima officiis corporis dolor.');
INSERT INTO `rooms` (`id`, `room_type_id`, `room_name`, `hotel_id`, `current_price`, `room_description`) VALUES (22, 3, '63', 58, '501.43', 'Provident quaerat culpa labore occaecati minus et. Architecto facilis eum eius iure deserunt odio et. Consectetur ut quibusdam eligendi et velit ut. Eum commodi eveniet dolorum necessitatibus itaque debitis.');
INSERT INTO `rooms` (`id`, `room_type_id`, `room_name`, `hotel_id`, `current_price`, `room_description`) VALUES (23, 5, '84', 19, '6712.07', 'Numquam aut rem veniam ducimus ab error. Voluptate molestias ex atque reprehenderit nulla. Voluptatem ut voluptatem eos provident est.');
INSERT INTO `rooms` (`id`, `room_type_id`, `room_name`, `hotel_id`, `current_price`, `room_description`) VALUES (24, 4, '106', 94, '4729.00', 'Maiores id distinctio culpa nesciunt. Quo quidem doloribus et nulla ut illum quidem. Autem saepe saepe ipsa hic quisquam qui. Rerum id nobis aut reprehenderit et in.');
INSERT INTO `rooms` (`id`, `room_type_id`, `room_name`, `hotel_id`, `current_price`, `room_description`) VALUES (25, 2, '189', 59, '8494.89', 'Alias asperiores quia rem. Ullam sit quo accusantium ducimus ipsa et omnis. Error ratione deserunt ut eaque blanditiis ratione enim.');
INSERT INTO `rooms` (`id`, `room_type_id`, `room_name`, `hotel_id`, `current_price`, `room_description`) VALUES (26, 4, '107', 31, '2376.00', 'Sint voluptatem perferendis reiciendis nam molestiae. Voluptatibus dolor dolores accusamus dicta soluta dignissimos illum voluptatem. Ullam reprehenderit repudiandae maxime. Voluptatem iure aliquam esse laboriosam non aperiam. Quis quo id corporis.');
INSERT INTO `rooms` (`id`, `room_type_id`, `room_name`, `hotel_id`, `current_price`, `room_description`) VALUES (27, 5, '123', 85, '8547.60', 'Reiciendis nisi perferendis est ipsam. Facilis quidem a beatae repudiandae eos. Et nemo et consequatur exercitationem officia occaecati laudantium odit.');
INSERT INTO `rooms` (`id`, `room_type_id`, `room_name`, `hotel_id`, `current_price`, `room_description`) VALUES (28, 2, '21', 21, '5381.00', 'Voluptas amet nam quisquam tempora alias. Magni ipsum facilis doloribus delectus. Amet illo repellat dolorum fuga molestias. Perferendis beatae voluptatem nesciunt eum nihil facilis aut.');
INSERT INTO `rooms` (`id`, `room_type_id`, `room_name`, `hotel_id`, `current_price`, `room_description`) VALUES (29, 5, '223', 98, '6754.47', 'At veniam accusamus fugiat eum dicta quo corporis. Maiores pariatur sint autem magnam ut esse. Expedita quam fuga qui excepturi natus.');
INSERT INTO `rooms` (`id`, `room_type_id`, `room_name`, `hotel_id`, `current_price`, `room_description`) VALUES (30, 2, '177', 78, '1535.13', 'Voluptas aliquid voluptatem temporibus ea. Voluptatem dicta labore laudantium. Nulla nostrum rerum aperiam eveniet.');
INSERT INTO `rooms` (`id`, `room_type_id`, `room_name`, `hotel_id`, `current_price`, `room_description`) VALUES (31, 3, '25', 100, '1019.00', 'Ut laborum consequatur consequuntur nostrum adipisci aut placeat. Ipsa corporis enim doloribus consequatur eius omnis. Esse beatae vitae rerum optio. Fuga eum qui laudantium dolorem.');
INSERT INTO `rooms` (`id`, `room_type_id`, `room_name`, `hotel_id`, `current_price`, `room_description`) VALUES (32, 4, '205', 65, '9381.00', 'Voluptatem voluptas et rem aperiam. In debitis sint minus ut iusto officia.');
INSERT INTO `rooms` (`id`, `room_type_id`, `room_name`, `hotel_id`, `current_price`, `room_description`) VALUES (33, 4, '5', 27, '8804.97', 'Qui consectetur repellat doloremque cumque aut modi. Odit voluptatibus quo iure aliquam consequatur. Blanditiis qui vero temporibus impedit.');
INSERT INTO `rooms` (`id`, `room_type_id`, `room_name`, `hotel_id`, `current_price`, `room_description`) VALUES (34, 4, '166', 64, '2780.17', 'Sed est veritatis nemo aspernatur iusto. Nam recusandae veritatis et unde et debitis. Asperiores voluptatem nobis delectus id. Consectetur facilis eveniet laborum.');
INSERT INTO `rooms` (`id`, `room_type_id`, `room_name`, `hotel_id`, `current_price`, `room_description`) VALUES (35, 2, '45', 88, '9839.58', 'Sunt nisi harum eum corrupti quia quod ipsam. Accusantium libero explicabo dolor aut. Neque dolor suscipit placeat nostrum aliquam ut est.');
INSERT INTO `rooms` (`id`, `room_type_id`, `room_name`, `hotel_id`, `current_price`, `room_description`) VALUES (36, 1, '13', 100, '6457.91', 'Ea impedit doloremque est illum rerum. Voluptates doloremque ad incidunt beatae. Illum assumenda et eos delectus.');
INSERT INTO `rooms` (`id`, `room_type_id`, `room_name`, `hotel_id`, `current_price`, `room_description`) VALUES (37, 2, '261', 68, '9795.12', 'Et nobis voluptatum aut. Quos est sint voluptatem qui quasi. Maxime dicta iure eveniet non aspernatur. Molestiae vitae cum reiciendis.');
INSERT INTO `rooms` (`id`, `room_type_id`, `room_name`, `hotel_id`, `current_price`, `room_description`) VALUES (38, 3, '235', 10, '2393.00', 'Consequatur qui inventore dolorem. Molestiae ipsam est aperiam exercitationem quae. Est dolor excepturi non eveniet vero.');
INSERT INTO `rooms` (`id`, `room_type_id`, `room_name`, `hotel_id`, `current_price`, `room_description`) VALUES (39, 5, '207', 31, '4741.70', 'Asperiores quia sed modi et consectetur nobis sit. Consequuntur molestias sunt expedita voluptatem voluptas quasi. Qui saepe unde possimus minus assumenda dolore.');
INSERT INTO `rooms` (`id`, `room_type_id`, `room_name`, `hotel_id`, `current_price`, `room_description`) VALUES (40, 1, '110', 26, '1123.00', 'Est vel est doloribus modi. Non occaecati rerum earum modi. Iste libero a cumque in natus beatae.');
INSERT INTO `rooms` (`id`, `room_type_id`, `room_name`, `hotel_id`, `current_price`, `room_description`) VALUES (41, 5, '221', 75, '9414.59', 'Non natus sint voluptatibus incidunt. Vel vero fugit minima est iste. Saepe accusantium voluptas vel dolorum.');
INSERT INTO `rooms` (`id`, `room_type_id`, `room_name`, `hotel_id`, `current_price`, `room_description`) VALUES (42, 3, '89', 74, '2808.23', 'Quia sint veniam sed adipisci itaque suscipit quasi id. Sed natus est est nisi ut amet. Et et quia ut est.');
INSERT INTO `rooms` (`id`, `room_type_id`, `room_name`, `hotel_id`, `current_price`, `room_description`) VALUES (43, 3, '122', 81, '4051.44', 'Non qui incidunt vitae ratione dolore tempore aut. Et ut itaque quas rerum et.');
INSERT INTO `rooms` (`id`, `room_type_id`, `room_name`, `hotel_id`, `current_price`, `room_description`) VALUES (44, 5, '260', 41, '9195.66', 'Dolore sapiente suscipit ut totam expedita voluptas. Earum eum voluptatum earum aperiam.');
INSERT INTO `rooms` (`id`, `room_type_id`, `room_name`, `hotel_id`, `current_price`, `room_description`) VALUES (45, 4, '106', 20, '784.53', 'Voluptates rem numquam maiores molestias commodi nostrum. Fuga eius amet dolor. Quo debitis qui quibusdam repudiandae distinctio. Nulla et quam et praesentium.');
INSERT INTO `rooms` (`id`, `room_type_id`, `room_name`, `hotel_id`, `current_price`, `room_description`) VALUES (46, 1, '292', 32, '2806.00', 'Similique nobis tempora et et officiis quae aut. Eum eaque ullam quod suscipit cumque ut. Autem labore dolorem odio nihil quia quam nemo a.');
INSERT INTO `rooms` (`id`, `room_type_id`, `room_name`, `hotel_id`, `current_price`, `room_description`) VALUES (47, 1, '29', 89, '866.37', 'Eum numquam atque repellat quas molestiae. In officia quod neque distinctio ut sit facere. Ipsam id non distinctio reiciendis numquam. At vitae ut quos animi et eaque.');
INSERT INTO `rooms` (`id`, `room_type_id`, `room_name`, `hotel_id`, `current_price`, `room_description`) VALUES (48, 5, '276', 97, '3713.23', 'Molestiae ut quia repellendus. Aliquam ut similique quisquam. Sed nostrum labore aut qui quod. Eos aut quia qui amet.');
INSERT INTO `rooms` (`id`, `room_type_id`, `room_name`, `hotel_id`, `current_price`, `room_description`) VALUES (49, 1, '189', 57, '1307.20', 'Aliquid ipsa et dolor magnam non qui. Beatae nostrum eveniet possimus ut adipisci. Molestias voluptatem quidem dolor qui rerum aut. Incidunt qui et iste sit.');
INSERT INTO `rooms` (`id`, `room_type_id`, `room_name`, `hotel_id`, `current_price`, `room_description`) VALUES (50, 3, '158', 53, '9225.16', 'Est tempore ad earum velit. Dolores aliquam aut quo. Aut et aut pariatur delectus rem.');
INSERT INTO `rooms` (`id`, `room_type_id`, `room_name`, `hotel_id`, `current_price`, `room_description`) VALUES (51, 3, '27', 74, '5137.32', 'Numquam ut dolores et aliquid recusandae tempora voluptates. Dolores excepturi maiores soluta eos quo. Dolores voluptatem distinctio maiores qui eos voluptatum.');
INSERT INTO `rooms` (`id`, `room_type_id`, `room_name`, `hotel_id`, `current_price`, `room_description`) VALUES (52, 3, '207', 68, '2786.00', 'Occaecati modi quia ab cum quae. Distinctio suscipit veniam neque tenetur vel veniam.');
INSERT INTO `rooms` (`id`, `room_type_id`, `room_name`, `hotel_id`, `current_price`, `room_description`) VALUES (53, 3, '162', 10, '3810.00', 'Voluptas sunt consequatur ut. Veniam optio dolores consequuntur voluptas ut. Qui ullam ut veniam suscipit.');
INSERT INTO `rooms` (`id`, `room_type_id`, `room_name`, `hotel_id`, `current_price`, `room_description`) VALUES (54, 4, '218', 28, '8364.60', 'Error id corrupti ea ipsum ipsum. Nemo aperiam autem labore quia. Praesentium et necessitatibus eos incidunt. Quidem est iure dolorum non aut dolorem.');
INSERT INTO `rooms` (`id`, `room_type_id`, `room_name`, `hotel_id`, `current_price`, `room_description`) VALUES (55, 2, '266', 80, '4305.70', 'Quod et eum architecto velit repudiandae laborum perferendis. Magni et enim provident omnis dicta omnis. Fuga voluptas quibusdam quas veniam.');
INSERT INTO `rooms` (`id`, `room_type_id`, `room_name`, `hotel_id`, `current_price`, `room_description`) VALUES (56, 3, '123', 29, '6396.35', 'Odit optio debitis labore perspiciatis. Molestiae ut error aut perspiciatis. Praesentium est eveniet cupiditate cupiditate.');
INSERT INTO `rooms` (`id`, `room_type_id`, `room_name`, `hotel_id`, `current_price`, `room_description`) VALUES (57, 3, '15', 10, '458.28', 'Ex distinctio adipisci voluptatem dicta repellat. Ut quibusdam eveniet et error consequatur et. Ratione voluptas fuga quae est molestiae.');
INSERT INTO `rooms` (`id`, `room_type_id`, `room_name`, `hotel_id`, `current_price`, `room_description`) VALUES (58, 1, '243', 14, '2702.81', 'Autem velit blanditiis enim perferendis maxime voluptatem quaerat eum. Ullam maxime porro voluptas ipsam error sunt. Molestias sit voluptatibus molestias.');
INSERT INTO `rooms` (`id`, `room_type_id`, `room_name`, `hotel_id`, `current_price`, `room_description`) VALUES (59, 5, '200', 96, '8218.27', 'Et ut ut qui quis ducimus. Hic voluptatum maxime laborum ipsum doloribus ut dolor esse. Quis libero harum eos et asperiores et eum. Aspernatur sed officia illo non rerum vero dolorem. Blanditiis aut laborum voluptate non.');
INSERT INTO `rooms` (`id`, `room_type_id`, `room_name`, `hotel_id`, `current_price`, `room_description`) VALUES (60, 3, '189', 68, '5546.99', 'In earum et ab vel saepe saepe adipisci. Commodi atque fugit provident eius vel est explicabo error. Odio quo labore recusandae incidunt quasi.');
INSERT INTO `rooms` (`id`, `room_type_id`, `room_name`, `hotel_id`, `current_price`, `room_description`) VALUES (61, 1, '216', 73, '1194.54', 'Perferendis aut quas libero sint ullam vitae quibusdam. Assumenda alias ipsum ea. Rerum fugiat blanditiis ut accusamus ut exercitationem. Distinctio omnis ipsam vitae tempora dignissimos sapiente qui sit.');
INSERT INTO `rooms` (`id`, `room_type_id`, `room_name`, `hotel_id`, `current_price`, `room_description`) VALUES (62, 5, '276', 33, '9836.83', 'Sunt rerum quia error placeat. Dolorum eveniet velit cum tenetur et veritatis. Eveniet suscipit magnam itaque est amet soluta.');
INSERT INTO `rooms` (`id`, `room_type_id`, `room_name`, `hotel_id`, `current_price`, `room_description`) VALUES (63, 4, '276', 96, '4108.12', 'Dolorem non quis quam ratione assumenda accusantium consectetur aut. Dolorem similique delectus nisi. Vitae et expedita dolor illum deserunt hic maiores commodi. Architecto rem reiciendis fugiat sit aliquam facere mollitia non.');
INSERT INTO `rooms` (`id`, `room_type_id`, `room_name`, `hotel_id`, `current_price`, `room_description`) VALUES (64, 2, '195', 77, '3236.09', 'Qui non consequuntur illo maiores omnis. Sit distinctio et est. Commodi rerum dolores ut omnis magni dolores aut. Nihil dolorum omnis in id nemo voluptas occaecati dolores. Consequatur voluptatem et quia sint voluptate eum laborum autem.');
INSERT INTO `rooms` (`id`, `room_type_id`, `room_name`, `hotel_id`, `current_price`, `room_description`) VALUES (65, 3, '232', 89, '9679.80', 'Et earum provident et nam voluptate. Molestiae et tempore aspernatur nemo fuga corrupti. Quia placeat est quidem sint. Cumque et et recusandae. Quia consequatur ipsam modi quaerat repudiandae perspiciatis alias.');
INSERT INTO `rooms` (`id`, `room_type_id`, `room_name`, `hotel_id`, `current_price`, `room_description`) VALUES (66, 2, '147', 96, '5426.72', 'Officia mollitia voluptatum atque et. Quam dolor libero impedit dicta. In voluptates qui aut. Molestiae blanditiis voluptatibus unde at ut iure.');
INSERT INTO `rooms` (`id`, `room_type_id`, `room_name`, `hotel_id`, `current_price`, `room_description`) VALUES (67, 4, '25', 82, '2283.01', 'Voluptate autem ab in inventore dignissimos optio. Atque amet sunt omnis hic nihil eos. Magni ut doloribus fugiat provident maxime. Dolor dolor ut temporibus consequuntur nam cupiditate.');
INSERT INTO `rooms` (`id`, `room_type_id`, `room_name`, `hotel_id`, `current_price`, `room_description`) VALUES (68, 4, '241', 4, '2050.17', 'Voluptates et rem enim perspiciatis blanditiis iste aliquam. Dicta veritatis illum officia eius voluptate. Laborum explicabo illo iure vel.');
INSERT INTO `rooms` (`id`, `room_type_id`, `room_name`, `hotel_id`, `current_price`, `room_description`) VALUES (69, 5, '23', 41, '881.46', 'Aut nihil sapiente sint dolores dolor. Non sit dolore aut nulla distinctio similique. Molestiae molestiae quas natus ut quae et.');
INSERT INTO `rooms` (`id`, `room_type_id`, `room_name`, `hotel_id`, `current_price`, `room_description`) VALUES (70, 2, '27', 31, '2388.66', 'Facere et libero sapiente laboriosam eos eos. Voluptatem ullam unde porro dolores dolores quod sit. Quisquam qui non cupiditate assumenda repudiandae. Dicta ut tenetur voluptas ut explicabo et.');
INSERT INTO `rooms` (`id`, `room_type_id`, `room_name`, `hotel_id`, `current_price`, `room_description`) VALUES (71, 1, '62', 84, '4131.16', 'Reprehenderit perspiciatis ut est non commodi veritatis. Similique corrupti dolores nihil. Vel mollitia sunt voluptas debitis et fugit. Minus ratione quibusdam libero.');
INSERT INTO `rooms` (`id`, `room_type_id`, `room_name`, `hotel_id`, `current_price`, `room_description`) VALUES (72, 3, '52', 74, '4606.00', 'Quos fugiat quae et ex debitis. Reiciendis ad et sit illo sunt quod. Totam ut vero aut iure et ut voluptatem mollitia.');
INSERT INTO `rooms` (`id`, `room_type_id`, `room_name`, `hotel_id`, `current_price`, `room_description`) VALUES (73, 5, '251', 63, '5080.50', 'Qui quas voluptates illum sed velit ut impedit. Enim eum non et ipsum nisi adipisci. Voluptatibus eveniet fugiat sint.');
INSERT INTO `rooms` (`id`, `room_type_id`, `room_name`, `hotel_id`, `current_price`, `room_description`) VALUES (74, 5, '24', 82, '5821.46', 'Iure possimus necessitatibus non eum ut. Tenetur aut recusandae amet illo vitae et. Sunt ea praesentium ipsa ut facilis commodi.');
INSERT INTO `rooms` (`id`, `room_type_id`, `room_name`, `hotel_id`, `current_price`, `room_description`) VALUES (75, 3, '107', 42, '2826.54', 'Et non magni voluptas molestiae earum. Ea non fuga blanditiis sapiente magni repellat amet. Quam dolor rerum nesciunt commodi sunt porro. Ea molestias provident saepe earum dolor ut quos.');
INSERT INTO `rooms` (`id`, `room_type_id`, `room_name`, `hotel_id`, `current_price`, `room_description`) VALUES (76, 3, '242', 73, '8477.00', 'Maiores neque voluptatem aut necessitatibus est. Magni dolor aut delectus laborum sint tenetur velit. Voluptas quasi dolor id odit perferendis expedita consectetur. Odit eum deleniti dolore animi.');
INSERT INTO `rooms` (`id`, `room_type_id`, `room_name`, `hotel_id`, `current_price`, `room_description`) VALUES (77, 1, '38', 49, '3816.33', 'Est quo voluptatum blanditiis unde impedit dolor earum. Ut qui sint qui mollitia omnis. Ut quaerat est ratione sed voluptatem odit qui vel.');
INSERT INTO `rooms` (`id`, `room_type_id`, `room_name`, `hotel_id`, `current_price`, `room_description`) VALUES (78, 1, '251', 75, '2649.75', 'Et veritatis alias et et ipsum eius hic porro. Qui hic laboriosam autem unde numquam non.');
INSERT INTO `rooms` (`id`, `room_type_id`, `room_name`, `hotel_id`, `current_price`, `room_description`) VALUES (79, 3, '77', 35, '1173.65', 'Repudiandae vel ducimus quo. Necessitatibus rem et molestiae architecto. Et sed cumque illo odio. In beatae et hic molestiae corporis est omnis. Quo sit et aut qui eaque.');
INSERT INTO `rooms` (`id`, `room_type_id`, `room_name`, `hotel_id`, `current_price`, `room_description`) VALUES (80, 3, '237', 97, '4099.08', 'Aspernatur cumque quaerat provident quae. Non quam omnis tempora reprehenderit aut adipisci aut. Consequatur incidunt sint odio aut consectetur eveniet in. Suscipit dolor culpa quasi accusantium.');
INSERT INTO `rooms` (`id`, `room_type_id`, `room_name`, `hotel_id`, `current_price`, `room_description`) VALUES (81, 2, '152', 81, '5363.00', 'Et officiis enim distinctio. Provident id quam sit nesciunt veritatis vel esse. Et debitis vel doloremque.');
INSERT INTO `rooms` (`id`, `room_type_id`, `room_name`, `hotel_id`, `current_price`, `room_description`) VALUES (82, 5, '283', 86, '4771.43', 'Vel totam doloremque neque et. Molestiae aspernatur nam in omnis quos modi. Sed dolorem sed et eum alias. Possimus dignissimos fuga officiis temporibus doloremque non.');
INSERT INTO `rooms` (`id`, `room_type_id`, `room_name`, `hotel_id`, `current_price`, `room_description`) VALUES (83, 4, '22', 56, '6327.16', 'Aut deleniti nisi dolorem rerum commodi. Nesciunt laboriosam omnis adipisci. Natus eaque quod id.');
INSERT INTO `rooms` (`id`, `room_type_id`, `room_name`, `hotel_id`, `current_price`, `room_description`) VALUES (84, 5, '261', 53, '9647.40', 'Optio possimus sunt ipsam unde laudantium ipsam quis. Non et rerum hic aut sit cupiditate.');
INSERT INTO `rooms` (`id`, `room_type_id`, `room_name`, `hotel_id`, `current_price`, `room_description`) VALUES (85, 5, '191', 21, '2916.58', 'Laborum veritatis id at. Eos sit dolores mollitia. Labore necessitatibus est quibusdam delectus eos.');
INSERT INTO `rooms` (`id`, `room_type_id`, `room_name`, `hotel_id`, `current_price`, `room_description`) VALUES (86, 5, '43', 16, '8782.42', 'Consectetur distinctio eius nisi cupiditate in. Nihil earum porro maxime et placeat maiores. Nemo quo fugiat doloremque et.');
INSERT INTO `rooms` (`id`, `room_type_id`, `room_name`, `hotel_id`, `current_price`, `room_description`) VALUES (87, 1, '145', 44, '8138.23', 'Aut accusantium qui dolorum voluptate quidem. Repudiandae odit quia voluptas iste omnis libero ea. In dolor eos fuga et.');
INSERT INTO `rooms` (`id`, `room_type_id`, `room_name`, `hotel_id`, `current_price`, `room_description`) VALUES (88, 5, '126', 96, '960.74', 'Sit molestias pariatur velit alias amet. Nihil corrupti ut excepturi impedit. Quis dolorem ex incidunt velit aut occaecati accusamus. Iste rerum dolore voluptas necessitatibus consequatur.');
INSERT INTO `rooms` (`id`, `room_type_id`, `room_name`, `hotel_id`, `current_price`, `room_description`) VALUES (89, 1, '227', 77, '4380.00', 'Voluptatum quia dicta ex qui praesentium rem autem. Voluptatibus a quam dignissimos voluptatum quidem. Consequatur voluptatem dignissimos laudantium totam minima est accusantium.');
INSERT INTO `rooms` (`id`, `room_type_id`, `room_name`, `hotel_id`, `current_price`, `room_description`) VALUES (90, 4, '75', 64, '5045.91', 'Qui est aut impedit repellat molestiae. Delectus et vel qui odit doloremque quibusdam vel. Et rerum at tenetur vel aperiam architecto neque.');
INSERT INTO `rooms` (`id`, `room_type_id`, `room_name`, `hotel_id`, `current_price`, `room_description`) VALUES (91, 1, '75', 27, '1706.91', 'Eum est eum officiis ex nisi qui. Itaque magnam amet qui. Nobis dolores aut est ut quam. Id quas voluptatem necessitatibus voluptas et.');
INSERT INTO `rooms` (`id`, `room_type_id`, `room_name`, `hotel_id`, `current_price`, `room_description`) VALUES (92, 2, '250', 32, '4840.64', 'Laborum qui eum reprehenderit aliquid quaerat aut. Non omnis deserunt quibusdam eos repudiandae autem eligendi architecto. Eligendi magnam voluptates hic aliquam laborum ipsum qui quos.');
INSERT INTO `rooms` (`id`, `room_type_id`, `room_name`, `hotel_id`, `current_price`, `room_description`) VALUES (93, 4, '199', 41, '3785.84', 'Aperiam id dolores dicta aut reiciendis quidem ut a. A nobis non eos corrupti rerum qui illo. Molestiae nostrum et suscipit doloremque qui aut amet. Magni dolor molestiae deleniti quis sit laborum ut ab.');
INSERT INTO `rooms` (`id`, `room_type_id`, `room_name`, `hotel_id`, `current_price`, `room_description`) VALUES (94, 1, '262', 21, '2721.71', 'Ducimus aut est et voluptas dolorem voluptatum. Reprehenderit aliquam quia maxime suscipit sint assumenda. Quaerat autem qui consequatur eaque et laboriosam. Aut quidem molestias quis eligendi mollitia. Consequatur in dignissimos et.');
INSERT INTO `rooms` (`id`, `room_type_id`, `room_name`, `hotel_id`, `current_price`, `room_description`) VALUES (95, 4, '192', 57, '1564.49', 'Doloribus et qui aspernatur beatae. Velit sunt esse atque reprehenderit delectus nobis. Cupiditate fugiat ut autem sit eos laboriosam. Adipisci facilis molestiae vero ullam debitis illo molestiae.');
INSERT INTO `rooms` (`id`, `room_type_id`, `room_name`, `hotel_id`, `current_price`, `room_description`) VALUES (96, 1, '294', 99, '5399.78', 'Consequuntur velit est qui sit laudantium. Exercitationem aspernatur accusamus praesentium. Rerum omnis pariatur placeat est totam nam excepturi. Animi inventore accusamus consequatur nobis aut.');
INSERT INTO `rooms` (`id`, `room_type_id`, `room_name`, `hotel_id`, `current_price`, `room_description`) VALUES (97, 2, '60', 10, '9199.34', 'Atque pariatur qui nostrum qui. Molestiae perspiciatis doloribus voluptatem consequatur qui nihil voluptatem eveniet. Deleniti et tempora voluptatum voluptatum hic unde. Id aperiam est ad vel beatae libero.');
INSERT INTO `rooms` (`id`, `room_type_id`, `room_name`, `hotel_id`, `current_price`, `room_description`) VALUES (98, 5, '245', 99, '8155.21', 'Magnam molestiae laborum est ut. Quaerat soluta nisi deserunt omnis aliquid est. Et facilis quibusdam dolorem sapiente.');
INSERT INTO `rooms` (`id`, `room_type_id`, `room_name`, `hotel_id`, `current_price`, `room_description`) VALUES (99, 4, '47', 74, '4538.70', 'Cumque iure sit nostrum quibusdam sit dignissimos. Tenetur enim maxime ut vitae sunt aut. Doloribus totam nihil at odit rem modi. Et aut voluptas hic eius quas id omnis.');
INSERT INTO `rooms` (`id`, `room_type_id`, `room_name`, `hotel_id`, `current_price`, `room_description`) VALUES (100, 3, '93', 61, '3531.18', 'Corrupti consectetur quibusdam ut eius corporis modi dolorum. Ratione at accusantium quis fugit repellat nisi veniam. Veritatis voluptatum accusamus nulla voluptatem inventore porro.');
INSERT INTO `rooms` (`id`, `room_type_id`, `room_name`, `hotel_id`, `current_price`, `room_description`) VALUES (101, 5, '193', 36, '1632.41', 'Quia repellat qui numquam voluptatem quisquam ut aliquid. Libero ab incidunt quae ut itaque. Molestias velit aspernatur quo. Laudantium ut voluptatem vel repellat.');
INSERT INTO `rooms` (`id`, `room_type_id`, `room_name`, `hotel_id`, `current_price`, `room_description`) VALUES (102, 4, '160', 98, '6370.02', 'Voluptas soluta quia adipisci nulla porro fugit. Ipsa illo distinctio voluptatibus quae nam excepturi qui. Atque illo nesciunt ut vel.');
INSERT INTO `rooms` (`id`, `room_type_id`, `room_name`, `hotel_id`, `current_price`, `room_description`) VALUES (103, 4, '277', 66, '2285.74', 'Soluta qui ea nam iure rem pariatur doloremque. Explicabo quibusdam ullam blanditiis voluptatem. Sunt recusandae voluptatem vero sed aut dolores. Rerum ducimus officiis nisi enim quasi quos.');
INSERT INTO `rooms` (`id`, `room_type_id`, `room_name`, `hotel_id`, `current_price`, `room_description`) VALUES (104, 5, '46', 86, '1354.38', 'Ab qui et dolore eligendi impedit error est eos. Doloremque temporibus dicta qui sint delectus. Voluptas minus blanditiis sunt. Saepe suscipit occaecati et est voluptatem natus.');
INSERT INTO `rooms` (`id`, `room_type_id`, `room_name`, `hotel_id`, `current_price`, `room_description`) VALUES (105, 3, '227', 70, '2291.66', 'Aut repellendus ratione qui et. Architecto atque rerum laborum beatae expedita. Aliquam sed odio sit fugiat sit blanditiis nostrum.');
INSERT INTO `rooms` (`id`, `room_type_id`, `room_name`, `hotel_id`, `current_price`, `room_description`) VALUES (106, 3, '119', 60, '3502.06', 'Qui voluptates dicta quis eveniet molestiae. Dolor necessitatibus doloribus quis ducimus. Dolorem ut ea ut et earum aut labore. Vero molestiae itaque non sed.');
INSERT INTO `rooms` (`id`, `room_type_id`, `room_name`, `hotel_id`, `current_price`, `room_description`) VALUES (107, 5, '237', 85, '4468.22', 'Corrupti fuga doloremque aut aut. Accusamus unde tenetur atque libero omnis sapiente sint. Omnis molestiae consequatur reprehenderit impedit unde. Sit quaerat sunt voluptatum expedita id delectus.');
INSERT INTO `rooms` (`id`, `room_type_id`, `room_name`, `hotel_id`, `current_price`, `room_description`) VALUES (108, 5, '259', 73, '4444.90', 'Amet autem placeat qui quis. Enim id atque est quia cupiditate. Culpa quo a aut est ratione.');
INSERT INTO `rooms` (`id`, `room_type_id`, `room_name`, `hotel_id`, `current_price`, `room_description`) VALUES (109, 2, '235', 98, '1200.88', 'Dignissimos suscipit explicabo deserunt cumque nam. Alias dolores praesentium sapiente placeat nemo recusandae. Et soluta molestiae molestiae asperiores fugit suscipit est. Rerum omnis aspernatur ea vel dolorum ut.');
INSERT INTO `rooms` (`id`, `room_type_id`, `room_name`, `hotel_id`, `current_price`, `room_description`) VALUES (110, 5, '19', 1, '4380.93', 'Ipsum aliquam ut est explicabo quia animi sed vero. Facere et nihil et aut illum vel harum magni. Recusandae ex maxime ad iusto.');
INSERT INTO `rooms` (`id`, `room_type_id`, `room_name`, `hotel_id`, `current_price`, `room_description`) VALUES (111, 3, '223', 9, '4319.88', 'Quaerat magni assumenda nesciunt molestiae provident necessitatibus. Et quo quisquam eveniet distinctio facilis. Saepe rerum est atque et.');
INSERT INTO `rooms` (`id`, `room_type_id`, `room_name`, `hotel_id`, `current_price`, `room_description`) VALUES (112, 5, '124', 91, '5602.95', 'Vero quidem quibusdam aliquam dignissimos ipsum. Et deserunt provident ea sit rerum nam. Et nobis et illo ipsam dolor maxime veniam.');
INSERT INTO `rooms` (`id`, `room_type_id`, `room_name`, `hotel_id`, `current_price`, `room_description`) VALUES (113, 1, '55', 84, '498.91', 'Quia et est qui dolore laborum. Reprehenderit eveniet quo odit ipsum cum non. Nostrum aut ut et mollitia.');
INSERT INTO `rooms` (`id`, `room_type_id`, `room_name`, `hotel_id`, `current_price`, `room_description`) VALUES (114, 5, '168', 83, '8815.00', 'Eius deleniti adipisci vel voluptas molestias. Quod expedita quia consequatur ratione animi corrupti omnis. Hic eligendi inventore ut nostrum in culpa. Iste aspernatur dolores voluptatibus delectus quia.');
INSERT INTO `rooms` (`id`, `room_type_id`, `room_name`, `hotel_id`, `current_price`, `room_description`) VALUES (115, 3, '82', 41, '5552.57', 'Doloribus aspernatur blanditiis perferendis exercitationem corrupti magnam doloribus sed. Ipsum illo magnam quae molestias. Repellendus eos cum quo molestiae et magni et. Ipsa consequatur magnam tempora ea facere porro.');
INSERT INTO `rooms` (`id`, `room_type_id`, `room_name`, `hotel_id`, `current_price`, `room_description`) VALUES (116, 3, '155', 51, '6219.27', 'Voluptas perspiciatis impedit aut dignissimos velit quasi repellendus. Magni quis quos veniam doloremque necessitatibus rerum ut. Itaque asperiores reiciendis est tempora quia sed.');
INSERT INTO `rooms` (`id`, `room_type_id`, `room_name`, `hotel_id`, `current_price`, `room_description`) VALUES (117, 4, '266', 21, '9931.10', 'Nisi vero quasi et sit. Ducimus quia beatae facere fuga a qui. Ratione reprehenderit architecto ad soluta quibusdam qui. Voluptatem consectetur rerum dolor et impedit.');
INSERT INTO `rooms` (`id`, `room_type_id`, `room_name`, `hotel_id`, `current_price`, `room_description`) VALUES (118, 3, '119', 56, '3605.58', 'Aut voluptatum consectetur maxime sed et necessitatibus. Modi ullam maiores ab adipisci tenetur aliquam. Voluptatem amet quae consequatur. Illum eligendi earum nulla ut iure laborum repellendus.');
INSERT INTO `rooms` (`id`, `room_type_id`, `room_name`, `hotel_id`, `current_price`, `room_description`) VALUES (119, 5, '274', 41, '3525.25', 'Rerum excepturi impedit natus ea. Officia quas necessitatibus deserunt qui. Et at asperiores tempora et accusamus quas id.');
INSERT INTO `rooms` (`id`, `room_type_id`, `room_name`, `hotel_id`, `current_price`, `room_description`) VALUES (120, 3, '247', 28, '3204.82', 'Rerum doloribus sint repellendus nihil fuga placeat. Iste illum dolor voluptatem corporis quisquam et est. Explicabo non odio at accusamus est. Repellat beatae enim accusantium porro.');
INSERT INTO `rooms` (`id`, `room_type_id`, `room_name`, `hotel_id`, `current_price`, `room_description`) VALUES (121, 1, '87', 89, '2790.09', 'Quia ipsam autem omnis inventore ut. Accusantium explicabo officia nobis quia odio sint. Assumenda inventore et vitae fugit omnis vitae.');
INSERT INTO `rooms` (`id`, `room_type_id`, `room_name`, `hotel_id`, `current_price`, `room_description`) VALUES (122, 5, '96', 7, '1248.00', 'Id totam sunt dolorem nesciunt sequi. Quasi ut maxime est sunt totam non optio. Cumque perferendis voluptas dolor laboriosam. Quisquam ullam consequatur et voluptatem magnam vel et.');
INSERT INTO `rooms` (`id`, `room_type_id`, `room_name`, `hotel_id`, `current_price`, `room_description`) VALUES (123, 4, '19', 80, '7144.26', 'Magni numquam accusantium temporibus minima possimus quam accusantium aliquam. Consequatur aut porro aut explicabo. Quisquam dolore maxime culpa labore et veniam quas.');
INSERT INTO `rooms` (`id`, `room_type_id`, `room_name`, `hotel_id`, `current_price`, `room_description`) VALUES (124, 4, '38', 98, '4487.21', 'Dolorem et consectetur placeat ut voluptas. Magnam qui nesciunt consequatur. Ipsam est dolor corporis porro vel.');
INSERT INTO `rooms` (`id`, `room_type_id`, `room_name`, `hotel_id`, `current_price`, `room_description`) VALUES (125, 4, '290', 72, '2463.74', 'Asperiores ipsa vel blanditiis voluptate itaque hic. Ut qui culpa iure dolorum molestiae numquam.');
INSERT INTO `rooms` (`id`, `room_type_id`, `room_name`, `hotel_id`, `current_price`, `room_description`) VALUES (126, 5, '143', 30, '6789.29', 'Aut esse doloribus quam dolore sit nostrum. Voluptatem illum aut totam sit. Laudantium possimus a atque rerum sint expedita. Inventore sit porro quis.');
INSERT INTO `rooms` (`id`, `room_type_id`, `room_name`, `hotel_id`, `current_price`, `room_description`) VALUES (127, 5, '49', 97, '6318.01', 'Minima temporibus assumenda adipisci. Iste aut odit aperiam nobis voluptas et. Maiores dolore odio commodi consequuntur et et. Magnam necessitatibus esse fuga facere.');
INSERT INTO `rooms` (`id`, `room_type_id`, `room_name`, `hotel_id`, `current_price`, `room_description`) VALUES (128, 2, '141', 99, '8757.19', 'Sint dolore dolor repudiandae sit rerum ducimus eius. Maiores sit ut voluptates dolor dicta tempore aut. Unde pariatur a eos velit ullam.');
INSERT INTO `rooms` (`id`, `room_type_id`, `room_name`, `hotel_id`, `current_price`, `room_description`) VALUES (129, 4, '25', 10, '7656.80', 'Quaerat sed ut unde repudiandae magnam. Id accusantium et doloribus dolores placeat architecto. Blanditiis qui eaque eligendi ut soluta.');
INSERT INTO `rooms` (`id`, `room_type_id`, `room_name`, `hotel_id`, `current_price`, `room_description`) VALUES (130, 5, '180', 37, '9758.00', 'Iure provident amet et explicabo. Veniam dignissimos nobis deserunt minima. Debitis maxime et adipisci natus saepe. Consequatur rerum culpa quasi veniam sint.');
INSERT INTO `rooms` (`id`, `room_type_id`, `room_name`, `hotel_id`, `current_price`, `room_description`) VALUES (131, 3, '174', 25, '3172.53', 'Est tempora aspernatur facilis laudantium distinctio laborum. Consequatur sit voluptatem impedit et qui. Fugiat rerum placeat exercitationem amet occaecati voluptatem sapiente. Sapiente nemo in eos hic vel voluptatem.');
INSERT INTO `rooms` (`id`, `room_type_id`, `room_name`, `hotel_id`, `current_price`, `room_description`) VALUES (132, 5, '208', 27, '3789.18', 'Pariatur eos repellendus id amet temporibus. Repellat magnam voluptates non voluptatem. Nesciunt rem incidunt et ut earum nihil. Ut iusto soluta iusto iste nemo doloribus.');
INSERT INTO `rooms` (`id`, `room_type_id`, `room_name`, `hotel_id`, `current_price`, `room_description`) VALUES (133, 3, '27', 36, '8867.00', 'At reprehenderit perferendis ipsa non ipsam. Aliquam fugit porro enim est nemo. Eligendi voluptatem quia ut voluptatem cupiditate nulla dolorum.');
INSERT INTO `rooms` (`id`, `room_type_id`, `room_name`, `hotel_id`, `current_price`, `room_description`) VALUES (134, 5, '36', 31, '6404.13', 'Velit quod quia quod eos ipsam doloremque. Sit tempore doloribus illo quas et.');
INSERT INTO `rooms` (`id`, `room_type_id`, `room_name`, `hotel_id`, `current_price`, `room_description`) VALUES (135, 4, '298', 22, '610.71', 'Et maiores non eum libero est ex. Sit ipsum voluptas deserunt eos.');
INSERT INTO `rooms` (`id`, `room_type_id`, `room_name`, `hotel_id`, `current_price`, `room_description`) VALUES (136, 3, '89', 86, '2029.65', 'Ut ea dolores dicta ipsum rem minus est. Ut ducimus non nulla quasi veritatis. Eveniet asperiores neque aut sed similique ad blanditiis.');
INSERT INTO `rooms` (`id`, `room_type_id`, `room_name`, `hotel_id`, `current_price`, `room_description`) VALUES (137, 1, '100', 47, '1892.35', 'Excepturi nam et sequi nemo et est. Quo et explicabo id quod ad. Quo et aperiam rerum voluptates ut. Explicabo expedita est quas quae consequatur.');
INSERT INTO `rooms` (`id`, `room_type_id`, `room_name`, `hotel_id`, `current_price`, `room_description`) VALUES (138, 5, '11', 84, '488.93', 'Eveniet ab corrupti fugiat ea. Sint voluptatibus deleniti quod. Voluptas velit voluptatem est sed magnam sit. Vel iusto aut consequatur fugit nam.');
INSERT INTO `rooms` (`id`, `room_type_id`, `room_name`, `hotel_id`, `current_price`, `room_description`) VALUES (139, 2, '228', 72, '2731.00', 'Dolorem quasi a porro. Dolorum et aut sint accusamus.');
INSERT INTO `rooms` (`id`, `room_type_id`, `room_name`, `hotel_id`, `current_price`, `room_description`) VALUES (140, 5, '35', 2, '1390.39', 'Ipsum id at porro. Omnis repellendus modi alias exercitationem aliquid quisquam. Inventore velit quia doloremque aut numquam ipsa alias. Eos voluptatem nihil molestias omnis.');
INSERT INTO `rooms` (`id`, `room_type_id`, `room_name`, `hotel_id`, `current_price`, `room_description`) VALUES (141, 3, '54', 80, '4963.58', 'Dolorum quo quibusdam quis omnis asperiores consectetur possimus. Veritatis ipsum incidunt sunt fugiat ipsa nobis eius. Libero sint architecto quae.');
INSERT INTO `rooms` (`id`, `room_type_id`, `room_name`, `hotel_id`, `current_price`, `room_description`) VALUES (142, 2, '51', 24, '1877.87', 'Quae ut tempora delectus cum aut qui cum. Sequi officiis autem id iure numquam consequatur est. Minus saepe voluptatum ipsa aut consectetur. Omnis voluptatem ea autem fugiat minus dolor.');
INSERT INTO `rooms` (`id`, `room_type_id`, `room_name`, `hotel_id`, `current_price`, `room_description`) VALUES (143, 4, '217', 52, '7814.45', 'Commodi numquam eius quia minima. Distinctio voluptatem qui eveniet et quo ut sed dolorum.');
INSERT INTO `rooms` (`id`, `room_type_id`, `room_name`, `hotel_id`, `current_price`, `room_description`) VALUES (144, 2, '281', 56, '5501.71', 'Provident inventore voluptatem quia est. Nihil veniam nesciunt dolorum minima. Nemo velit occaecati eos rem in placeat et sunt. Alias veniam et mollitia quo nam omnis.');
INSERT INTO `rooms` (`id`, `room_type_id`, `room_name`, `hotel_id`, `current_price`, `room_description`) VALUES (145, 4, '251', 3, '1587.95', 'Dolor perspiciatis aut qui ea. Ea veritatis similique iusto dignissimos natus iure. Magni ut blanditiis totam nihil. Sed ipsa ducimus dolorem omnis illum. Esse voluptatem ratione nam quo aut.');
INSERT INTO `rooms` (`id`, `room_type_id`, `room_name`, `hotel_id`, `current_price`, `room_description`) VALUES (146, 5, '44', 12, '8719.00', 'Aut corrupti sequi atque. Eius suscipit saepe et delectus voluptatem commodi. Qui consequatur fugit quis eius est error praesentium. Non aut quis molestiae et perspiciatis.');
INSERT INTO `rooms` (`id`, `room_type_id`, `room_name`, `hotel_id`, `current_price`, `room_description`) VALUES (147, 2, '57', 80, '3698.00', 'Omnis quaerat asperiores doloremque asperiores pariatur. Ab quia voluptatem sunt eos autem neque in. Impedit sed omnis perferendis explicabo totam dolor. Eius eveniet est numquam.');
INSERT INTO `rooms` (`id`, `room_type_id`, `room_name`, `hotel_id`, `current_price`, `room_description`) VALUES (148, 2, '255', 72, '9808.00', 'Laudantium ut molestiae commodi magnam voluptas quia. Reprehenderit voluptas nihil sed quis vero et. Animi incidunt vel ullam dolores aut nostrum hic. Pariatur adipisci est enim sequi aut.');
INSERT INTO `rooms` (`id`, `room_type_id`, `room_name`, `hotel_id`, `current_price`, `room_description`) VALUES (149, 1, '56', 19, '7938.43', 'Facere saepe distinctio voluptate eum. Fuga et quam quia doloremque placeat. Dolorem voluptatum harum rerum ad adipisci ullam sint.');
INSERT INTO `rooms` (`id`, `room_type_id`, `room_name`, `hotel_id`, `current_price`, `room_description`) VALUES (150, 1, '235', 91, '9195.32', 'Dignissimos ut ut ut soluta id est. Enim magnam in quaerat minus. At quia dolorem aliquam corporis. Nam quisquam enim aut odio molestiae.');
INSERT INTO `rooms` (`id`, `room_type_id`, `room_name`, `hotel_id`, `current_price`, `room_description`) VALUES (151, 3, '263', 61, '7566.70', 'Ea provident magnam molestiae vitae. Id consectetur soluta cumque omnis et sed non. Voluptatibus quasi dolor dolores quia vel. Et accusantium quia omnis ea ab qui veritatis.');
INSERT INTO `rooms` (`id`, `room_type_id`, `room_name`, `hotel_id`, `current_price`, `room_description`) VALUES (152, 4, '218', 51, '8378.00', 'Quidem enim veniam ex alias officia quasi voluptas. Et iste deserunt aut consequatur magni fugiat voluptas. Distinctio animi qui earum omnis qui est autem. Libero quo facere nobis ipsum facilis rerum autem.');
INSERT INTO `rooms` (`id`, `room_type_id`, `room_name`, `hotel_id`, `current_price`, `room_description`) VALUES (153, 1, '160', 69, '9183.89', 'Sapiente nemo inventore sit eveniet provident. Deleniti voluptas totam debitis recusandae velit. Molestias nesciunt tempora quae dolor.');
INSERT INTO `rooms` (`id`, `room_type_id`, `room_name`, `hotel_id`, `current_price`, `room_description`) VALUES (154, 2, '201', 33, '2481.64', 'Veritatis ad placeat quia repellat. Velit dolorum natus et sit est molestias quo. Quod et dolores minus non unde quia eligendi officiis.');
INSERT INTO `rooms` (`id`, `room_type_id`, `room_name`, `hotel_id`, `current_price`, `room_description`) VALUES (155, 2, '53', 16, '3869.66', 'Necessitatibus minima aut mollitia aut. Fugiat modi distinctio sint nesciunt. Ratione fugit quam quas perferendis architecto eum quo.');
INSERT INTO `rooms` (`id`, `room_type_id`, `room_name`, `hotel_id`, `current_price`, `room_description`) VALUES (156, 2, '194', 83, '9639.31', 'Sed placeat dolores et fuga. Facilis aut voluptas dolor ut atque consectetur est. Quas voluptas qui quia distinctio temporibus dolorem enim.');
INSERT INTO `rooms` (`id`, `room_type_id`, `room_name`, `hotel_id`, `current_price`, `room_description`) VALUES (157, 5, '198', 65, '9866.27', 'Et et fugit est tempora doloribus. Sunt enim non ea repellat nulla doloremque illum. Quisquam reprehenderit est nesciunt aut qui asperiores. Eos eum eum dicta.');
INSERT INTO `rooms` (`id`, `room_type_id`, `room_name`, `hotel_id`, `current_price`, `room_description`) VALUES (158, 1, '223', 72, '3466.19', 'Quis inventore incidunt eum fugiat quaerat qui nulla. Laboriosam consequatur alias tempora quae. Et quis omnis vero omnis.');
INSERT INTO `rooms` (`id`, `room_type_id`, `room_name`, `hotel_id`, `current_price`, `room_description`) VALUES (159, 1, '110', 27, '6224.82', 'Asperiores aut velit itaque placeat nam ducimus. Autem consectetur quia magnam. Quibusdam et numquam molestias ut.');
INSERT INTO `rooms` (`id`, `room_type_id`, `room_name`, `hotel_id`, `current_price`, `room_description`) VALUES (160, 2, '198', 78, '1728.37', 'Omnis similique possimus et aperiam et. Dicta itaque commodi et rerum. Necessitatibus est dolorem sint necessitatibus ipsa ex illum.');
INSERT INTO `rooms` (`id`, `room_type_id`, `room_name`, `hotel_id`, `current_price`, `room_description`) VALUES (161, 2, '178', 20, '5142.05', 'Consequatur beatae modi doloremque sint quas maxime. Excepturi et quidem ipsum numquam et porro. A cum nihil quis sed voluptas est. Tenetur quos amet nesciunt recusandae veritatis ea.');
INSERT INTO `rooms` (`id`, `room_type_id`, `room_name`, `hotel_id`, `current_price`, `room_description`) VALUES (162, 5, '183', 57, '8373.33', 'Harum excepturi aut facilis perspiciatis autem laborum et cupiditate. Natus et velit nisi corporis ab porro reprehenderit. Nostrum beatae est non vitae iusto iure molestiae.');
INSERT INTO `rooms` (`id`, `room_type_id`, `room_name`, `hotel_id`, `current_price`, `room_description`) VALUES (163, 5, '185', 27, '7346.78', 'Incidunt eveniet laudantium laudantium sapiente. Nisi excepturi minima ut dolor id illo. Aut mollitia illo sed. Optio quisquam velit odio et illum dolores.');
INSERT INTO `rooms` (`id`, `room_type_id`, `room_name`, `hotel_id`, `current_price`, `room_description`) VALUES (164, 2, '170', 15, '2909.40', 'Est ab fugit totam neque. Quidem amet dolor earum earum maxime velit. Voluptatem ullam magnam excepturi nam labore. Quia est soluta voluptatum consequatur.');
INSERT INTO `rooms` (`id`, `room_type_id`, `room_name`, `hotel_id`, `current_price`, `room_description`) VALUES (165, 3, '259', 31, '9811.95', 'Cumque officia facilis sed dolor adipisci. Consequuntur et ab id laborum accusamus vel iure. Aut velit numquam rerum optio et. Vel ducimus magnam molestias cupiditate.');
INSERT INTO `rooms` (`id`, `room_type_id`, `room_name`, `hotel_id`, `current_price`, `room_description`) VALUES (166, 1, '152', 87, '7339.49', 'Ut incidunt nulla neque. Ipsa eum similique natus perferendis qui eligendi. Libero suscipit veritatis est tempora enim mollitia. Ut harum tenetur cumque.');
INSERT INTO `rooms` (`id`, `room_type_id`, `room_name`, `hotel_id`, `current_price`, `room_description`) VALUES (167, 5, '186', 82, '7345.99', 'Minus est dolorem est voluptas dicta. Rerum et assumenda provident laborum odio alias. Fugit mollitia porro rerum nesciunt incidunt. Praesentium at animi quis odio est quos eos.');
INSERT INTO `rooms` (`id`, `room_type_id`, `room_name`, `hotel_id`, `current_price`, `room_description`) VALUES (168, 2, '104', 99, '3804.68', 'Reiciendis asperiores voluptatum laboriosam quae aut est rerum. Molestiae eum nulla maxime quas est temporibus. Assumenda enim autem ea provident praesentium quia asperiores. Libero occaecati minus aut minima rerum sed ipsam sunt.');
INSERT INTO `rooms` (`id`, `room_type_id`, `room_name`, `hotel_id`, `current_price`, `room_description`) VALUES (169, 3, '256', 72, '7540.00', 'Voluptate est omnis atque sunt delectus harum. Hic cupiditate autem quibusdam officiis maxime non. Sunt nihil facere est autem recusandae. Rem dolor quia doloremque et fugiat porro.');
INSERT INTO `rooms` (`id`, `room_type_id`, `room_name`, `hotel_id`, `current_price`, `room_description`) VALUES (170, 2, '173', 90, '160.54', 'Aut quos nam veniam aperiam. Illum odio ullam id esse. Voluptatibus consequatur maxime ut exercitationem rerum repellat.');
INSERT INTO `rooms` (`id`, `room_type_id`, `room_name`, `hotel_id`, `current_price`, `room_description`) VALUES (171, 5, '135', 64, '3542.59', 'Rerum et voluptatem veritatis labore debitis sunt. Sapiente deserunt sint velit et. Consequatur ex adipisci saepe quod quia recusandae.');
INSERT INTO `rooms` (`id`, `room_type_id`, `room_name`, `hotel_id`, `current_price`, `room_description`) VALUES (172, 4, '248', 83, '7948.61', 'Exercitationem fugit sed fugit earum est officiis mollitia. Dolore pariatur sapiente rerum distinctio. Voluptatem est aut sed vero.');
INSERT INTO `rooms` (`id`, `room_type_id`, `room_name`, `hotel_id`, `current_price`, `room_description`) VALUES (173, 2, '43', 78, '8068.00', 'Aliquid dolores et quod et sequi tenetur repudiandae at. Eum libero eum et doloribus alias non sed. Eius quis minima vel sunt quia.');
INSERT INTO `rooms` (`id`, `room_type_id`, `room_name`, `hotel_id`, `current_price`, `room_description`) VALUES (174, 3, '220', 46, '1039.00', 'Facere ut ex rem alias. In voluptas et voluptatum neque mollitia. Blanditiis nostrum ipsa laboriosam iure provident. Qui aut tenetur in minima modi ipsam ea. Sed omnis rerum facilis molestiae omnis ea.');
INSERT INTO `rooms` (`id`, `room_type_id`, `room_name`, `hotel_id`, `current_price`, `room_description`) VALUES (175, 1, '148', 81, '7299.59', 'Quod voluptate hic nobis ex possimus illum. Voluptatem mollitia tempore exercitationem. Ut soluta laudantium quas. Quasi modi eos sed deleniti.');
INSERT INTO `rooms` (`id`, `room_type_id`, `room_name`, `hotel_id`, `current_price`, `room_description`) VALUES (176, 2, '280', 34, '8638.94', 'Architecto possimus aut natus reiciendis at distinctio ullam. Pariatur quas repudiandae quod eum fugit consequatur. Quo est veniam mollitia. Officia nesciunt earum ut rem similique recusandae distinctio consequatur.');
INSERT INTO `rooms` (`id`, `room_type_id`, `room_name`, `hotel_id`, `current_price`, `room_description`) VALUES (177, 1, '6', 13, '9957.14', 'Qui ipsam deserunt ea corrupti. Consequatur ratione officiis nostrum dolor velit nihil dolor ducimus. Molestias odit vero est voluptate nemo rem id. Ea earum quaerat deleniti vero provident qui ab laudantium.');
INSERT INTO `rooms` (`id`, `room_type_id`, `room_name`, `hotel_id`, `current_price`, `room_description`) VALUES (178, 5, '101', 1, '2979.55', 'In totam dolorem similique repellendus est a. Quisquam et et necessitatibus quae commodi aut ut. Vel quia voluptas atque dolor voluptatem autem voluptas.');
INSERT INTO `rooms` (`id`, `room_type_id`, `room_name`, `hotel_id`, `current_price`, `room_description`) VALUES (179, 2, '92', 19, '6250.20', 'Ut omnis accusantium nemo temporibus ea. Est minima eligendi iure voluptatem repellat aut nihil. Laudantium eligendi autem eum veniam vitae repellendus. In dolorum cum sunt vitae.');
INSERT INTO `rooms` (`id`, `room_type_id`, `room_name`, `hotel_id`, `current_price`, `room_description`) VALUES (180, 1, '216', 85, '3667.34', 'Ipsa sit porro commodi doloremque iure aliquam. Id voluptate ea tenetur consectetur. Repellendus nam facere et quo aut dolor eligendi qui. Modi qui ut aperiam neque dolorem nemo nemo.');
INSERT INTO `rooms` (`id`, `room_type_id`, `room_name`, `hotel_id`, `current_price`, `room_description`) VALUES (181, 3, '70', 21, '1396.91', 'Adipisci temporibus voluptatibus officiis odit qui iste voluptas explicabo. Nobis possimus autem ipsam neque expedita saepe aliquam. Porro sit molestias qui nobis mollitia enim nulla.');
INSERT INTO `rooms` (`id`, `room_type_id`, `room_name`, `hotel_id`, `current_price`, `room_description`) VALUES (182, 4, '189', 40, '2261.72', 'Mollitia dolorum quam voluptatum aperiam veniam non similique omnis. Ea commodi esse et nostrum quis minima. Et perspiciatis ea enim inventore sed magni. Dolores aut doloribus quae minus numquam perferendis.');
INSERT INTO `rooms` (`id`, `room_type_id`, `room_name`, `hotel_id`, `current_price`, `room_description`) VALUES (183, 1, '269', 9, '2860.10', 'Laboriosam totam sunt sunt consequuntur sint odio. Quam ut quibusdam maiores porro consequatur libero. Corporis maxime aliquid sint quas assumenda eum. Maxime vitae in perspiciatis iusto excepturi optio.');
INSERT INTO `rooms` (`id`, `room_type_id`, `room_name`, `hotel_id`, `current_price`, `room_description`) VALUES (184, 2, '149', 51, '1977.79', 'Quidem consequatur nemo unde. Aut consectetur quia dolores voluptas. Et qui et voluptatibus qui. Id dolores aperiam autem nisi.');
INSERT INTO `rooms` (`id`, `room_type_id`, `room_name`, `hotel_id`, `current_price`, `room_description`) VALUES (185, 5, '1', 68, '2443.72', 'Quod doloribus asperiores incidunt provident et. Accusantium voluptas est recusandae debitis qui explicabo. Commodi nobis eligendi excepturi.');
INSERT INTO `rooms` (`id`, `room_type_id`, `room_name`, `hotel_id`, `current_price`, `room_description`) VALUES (186, 3, '27', 68, '6542.30', 'Placeat soluta occaecati possimus est. Eos rerum doloribus velit voluptatem aut doloribus. Amet adipisci dolores ratione a velit cumque odio. Ipsum exercitationem dolorem reiciendis temporibus corporis voluptas.');
INSERT INTO `rooms` (`id`, `room_type_id`, `room_name`, `hotel_id`, `current_price`, `room_description`) VALUES (187, 2, '127', 13, '1632.00', 'Quia ut quisquam et inventore sunt occaecati. Temporibus provident in ullam explicabo sapiente deserunt. Vel ullam omnis temporibus sed ratione.');
INSERT INTO `rooms` (`id`, `room_type_id`, `room_name`, `hotel_id`, `current_price`, `room_description`) VALUES (188, 3, '65', 61, '1926.82', 'Amet consequuntur quae illo sunt voluptatem magni libero provident. Recusandae voluptate in illo hic deserunt. Debitis tempore consequatur voluptatum et.');
INSERT INTO `rooms` (`id`, `room_type_id`, `room_name`, `hotel_id`, `current_price`, `room_description`) VALUES (189, 5, '154', 4, '7152.54', 'Occaecati vel nulla deserunt ut dolores non doloremque voluptatem. Facere impedit voluptas vel voluptas qui ratione et repellendus. Et est neque quia. Neque sed a iure non minus quas voluptatem.');
INSERT INTO `rooms` (`id`, `room_type_id`, `room_name`, `hotel_id`, `current_price`, `room_description`) VALUES (190, 1, '42', 94, '7197.96', 'Aspernatur aut commodi quidem iste facilis et quisquam. Atque possimus ea assumenda ipsa culpa autem. Cupiditate exercitationem occaecati repellendus et quas fuga.');
INSERT INTO `rooms` (`id`, `room_type_id`, `room_name`, `hotel_id`, `current_price`, `room_description`) VALUES (191, 5, '158', 28, '1831.05', 'Velit nobis nisi dolorem rem. Et ut et ut cumque. Delectus sint dolor eligendi iure quam minima.');
INSERT INTO `rooms` (`id`, `room_type_id`, `room_name`, `hotel_id`, `current_price`, `room_description`) VALUES (192, 2, '185', 85, '6162.60', 'Aspernatur voluptatem tempore et non hic. Ducimus vero perspiciatis perferendis. Ex reprehenderit veniam saepe. Iusto quia impedit ut fugit pariatur et vel. Laborum repellat esse magni.');
INSERT INTO `rooms` (`id`, `room_type_id`, `room_name`, `hotel_id`, `current_price`, `room_description`) VALUES (193, 3, '35', 17, '4947.44', 'Saepe fugiat omnis autem unde fugit iste esse. Perferendis rerum autem impedit dignissimos beatae incidunt sunt.');
INSERT INTO `rooms` (`id`, `room_type_id`, `room_name`, `hotel_id`, `current_price`, `room_description`) VALUES (194, 5, '90', 80, '1601.53', 'Harum quia provident et autem. Et consectetur consectetur odit id ipsum perferendis. Consectetur saepe quaerat alias cumque hic.');
INSERT INTO `rooms` (`id`, `room_type_id`, `room_name`, `hotel_id`, `current_price`, `room_description`) VALUES (195, 2, '274', 100, '4222.14', 'Consequatur aut dolorem est possimus. Dicta eum qui aut sunt ipsa magni. Nam voluptatum velit vel non laborum libero esse.');
INSERT INTO `rooms` (`id`, `room_type_id`, `room_name`, `hotel_id`, `current_price`, `room_description`) VALUES (196, 4, '177', 84, '6514.93', 'Enim vitae voluptatem hic consequuntur ratione eum. Ratione sed a quia accusamus ut sequi. Rem omnis ut aspernatur a repudiandae. Debitis ut voluptates qui est sit error molestiae.');
INSERT INTO `rooms` (`id`, `room_type_id`, `room_name`, `hotel_id`, `current_price`, `room_description`) VALUES (197, 1, '62', 36, '2902.00', 'Deleniti dolores qui eum asperiores. Qui debitis est laboriosam et iure eius est recusandae. Necessitatibus explicabo nostrum corrupti suscipit nemo.');
INSERT INTO `rooms` (`id`, `room_type_id`, `room_name`, `hotel_id`, `current_price`, `room_description`) VALUES (198, 2, '189', 22, '847.91', 'Ut laudantium possimus repellendus accusamus minus voluptatem ut. Accusantium minus a aut est vel fuga. Enim doloremque saepe soluta sint officia neque sit.');
INSERT INTO `rooms` (`id`, `room_type_id`, `room_name`, `hotel_id`, `current_price`, `room_description`) VALUES (199, 3, '148', 61, '929.31', 'Aut necessitatibus similique nihil labore ea. Dolorem voluptatem minus voluptatem sit sed in vel aut. Repudiandae sed est veritatis aut facere dolore nemo et. Qui porro provident reprehenderit molestiae.');
INSERT INTO `rooms` (`id`, `room_type_id`, `room_name`, `hotel_id`, `current_price`, `room_description`) VALUES (200, 4, '54', 25, '3701.00', 'Et fuga est distinctio iure sit. Voluptatum ea quisquam est inventore. Illo itaque adipisci modi aut.');
INSERT INTO `rooms` (`id`, `room_type_id`, `room_name`, `hotel_id`, `current_price`, `room_description`) VALUES (201, 2, '172', 13, '266.16', 'Adipisci odit ea soluta aut rerum excepturi id. Velit molestiae vero dolorum quia.');
INSERT INTO `rooms` (`id`, `room_type_id`, `room_name`, `hotel_id`, `current_price`, `room_description`) VALUES (202, 5, '73', 61, '6279.43', 'Laudantium officiis cumque ratione sed id expedita omnis tenetur. Et sequi optio iste voluptatum veritatis nisi repellendus sunt. Nisi consequatur eos earum vero blanditiis maxime.');
INSERT INTO `rooms` (`id`, `room_type_id`, `room_name`, `hotel_id`, `current_price`, `room_description`) VALUES (203, 2, '116', 43, '2543.55', 'Voluptate ut fugiat dolores occaecati repellat. Inventore reiciendis quo accusamus voluptatibus id necessitatibus. Perferendis placeat quam minima et. Voluptate consectetur itaque quo quam ratione in ut. Inventore officia veritatis fugit consequatur possimus et.');
INSERT INTO `rooms` (`id`, `room_type_id`, `room_name`, `hotel_id`, `current_price`, `room_description`) VALUES (204, 2, '194', 14, '8214.07', 'Eum qui aliquid velit vero dolorem maxime quas tenetur. Pariatur modi odio nulla possimus qui.');
INSERT INTO `rooms` (`id`, `room_type_id`, `room_name`, `hotel_id`, `current_price`, `room_description`) VALUES (205, 3, '94', 26, '2529.33', 'Fugit ut quam delectus libero iusto. Illo sapiente consequatur ea molestias. Consequatur itaque dolor hic.');
INSERT INTO `rooms` (`id`, `room_type_id`, `room_name`, `hotel_id`, `current_price`, `room_description`) VALUES (206, 1, '237', 31, '3112.19', 'Aut quis laboriosam fugit. Aut sit veritatis et saepe quia. Eius molestiae minus est aliquid nisi.');
INSERT INTO `rooms` (`id`, `room_type_id`, `room_name`, `hotel_id`, `current_price`, `room_description`) VALUES (207, 3, '107', 34, '6029.56', 'Aut laudantium optio molestiae rerum molestias odio. Qui laudantium adipisci pariatur. Dolorem laborum consectetur aliquam quas qui. Soluta voluptas omnis aut aut ut.');
INSERT INTO `rooms` (`id`, `room_type_id`, `room_name`, `hotel_id`, `current_price`, `room_description`) VALUES (208, 1, '274', 94, '6154.08', 'Cum amet aspernatur commodi eligendi harum aspernatur ratione. Necessitatibus reiciendis velit optio ea perspiciatis voluptatum et. Provident nisi expedita fuga.');
INSERT INTO `rooms` (`id`, `room_type_id`, `room_name`, `hotel_id`, `current_price`, `room_description`) VALUES (209, 3, '248', 1, '9432.30', 'Molestias ipsam distinctio ea et blanditiis. Tenetur ut velit non quam quos ducimus ipsum. Aut voluptatem architecto accusamus aut aperiam dolores. Officiis quia occaecati aspernatur molestias ipsa.');
INSERT INTO `rooms` (`id`, `room_type_id`, `room_name`, `hotel_id`, `current_price`, `room_description`) VALUES (210, 4, '205', 85, '287.50', 'Architecto non est aperiam non. Veritatis libero quo blanditiis amet rerum quaerat veniam. Voluptatem sed quis voluptatibus dolorem.');
INSERT INTO `rooms` (`id`, `room_type_id`, `room_name`, `hotel_id`, `current_price`, `room_description`) VALUES (211, 5, '89', 37, '9129.42', 'Nostrum ipsum et cum est sunt. Quibusdam a qui unde. In voluptatem quia ullam.');
INSERT INTO `rooms` (`id`, `room_type_id`, `room_name`, `hotel_id`, `current_price`, `room_description`) VALUES (212, 4, '36', 20, '8099.25', 'Hic reiciendis voluptate in libero distinctio soluta atque optio. Consectetur aperiam ut ut est modi. Eos adipisci quae qui voluptatem.');
INSERT INTO `rooms` (`id`, `room_type_id`, `room_name`, `hotel_id`, `current_price`, `room_description`) VALUES (213, 4, '116', 91, '4313.56', 'Perspiciatis animi est sunt aspernatur sed. Omnis mollitia eveniet adipisci quae totam est. Voluptatibus molestiae non quod.');
INSERT INTO `rooms` (`id`, `room_type_id`, `room_name`, `hotel_id`, `current_price`, `room_description`) VALUES (214, 3, '91', 17, '7105.00', 'Accusantium inventore veniam earum facilis dicta a voluptatibus. Ut dolores ut doloremque sed accusantium. Pariatur sit est corporis rerum non dolorum ea nulla.');
INSERT INTO `rooms` (`id`, `room_type_id`, `room_name`, `hotel_id`, `current_price`, `room_description`) VALUES (215, 3, '114', 14, '7074.88', 'Odit molestiae saepe libero occaecati vel expedita ex. Expedita a quas illum quo recusandae tenetur autem.');
INSERT INTO `rooms` (`id`, `room_type_id`, `room_name`, `hotel_id`, `current_price`, `room_description`) VALUES (216, 3, '241', 80, '5038.15', 'Porro similique rerum cumque. Temporibus eos voluptas dolor ut fugiat et. Ut rem tempora enim asperiores.');
INSERT INTO `rooms` (`id`, `room_type_id`, `room_name`, `hotel_id`, `current_price`, `room_description`) VALUES (217, 2, '41', 34, '1598.59', 'Rem ut sed aperiam. Recusandae culpa qui pariatur nihil facere fuga.');
INSERT INTO `rooms` (`id`, `room_type_id`, `room_name`, `hotel_id`, `current_price`, `room_description`) VALUES (218, 2, '56', 50, '4420.08', 'Consectetur consequatur consequatur culpa consectetur aut quo dignissimos. Eius enim maxime molestiae.');
INSERT INTO `rooms` (`id`, `room_type_id`, `room_name`, `hotel_id`, `current_price`, `room_description`) VALUES (219, 4, '270', 61, '3517.41', 'Est blanditiis animi autem nihil quis fugit. Dolor ratione est sapiente sed autem tenetur exercitationem.');
INSERT INTO `rooms` (`id`, `room_type_id`, `room_name`, `hotel_id`, `current_price`, `room_description`) VALUES (220, 4, '244', 23, '2754.54', 'Aut aut sint tempora aut. Sint numquam eos a voluptates sunt quidem. Beatae inventore sit dolorum dignissimos enim ut voluptatem quos. Autem eos sed commodi explicabo doloremque.');
INSERT INTO `rooms` (`id`, `room_type_id`, `room_name`, `hotel_id`, `current_price`, `room_description`) VALUES (221, 5, '66', 71, '2335.23', 'Voluptates totam illum possimus. Voluptas at molestiae laborum qui ipsa et iure. Laboriosam vero temporibus facere dolor est quo non tempore. Qui alias architecto temporibus blanditiis voluptate facere.');
INSERT INTO `rooms` (`id`, `room_type_id`, `room_name`, `hotel_id`, `current_price`, `room_description`) VALUES (222, 3, '245', 40, '2119.22', 'Qui aut ut sed corporis. Voluptatem quo consequatur repellendus provident. Repudiandae eos est occaecati eos aut delectus aut. Est omnis omnis quas optio corrupti.');
INSERT INTO `rooms` (`id`, `room_type_id`, `room_name`, `hotel_id`, `current_price`, `room_description`) VALUES (223, 1, '221', 69, '9539.57', 'Quo sint rerum soluta voluptas quis consequatur. Illo aut vel praesentium in cupiditate libero. Veniam et blanditiis ipsum nobis sit et rerum.');
INSERT INTO `rooms` (`id`, `room_type_id`, `room_name`, `hotel_id`, `current_price`, `room_description`) VALUES (224, 2, '74', 55, '4422.98', 'Ut voluptatem numquam non accusamus est voluptatum soluta. Ut commodi magni perferendis. Numquam et aut eum vel. Consequatur tempore suscipit aut quis consequatur minima dignissimos.');
INSERT INTO `rooms` (`id`, `room_type_id`, `room_name`, `hotel_id`, `current_price`, `room_description`) VALUES (225, 4, '104', 6, '7788.54', 'Distinctio autem adipisci rem corporis commodi. Enim omnis et numquam architecto veritatis laboriosam eum.');
INSERT INTO `rooms` (`id`, `room_type_id`, `room_name`, `hotel_id`, `current_price`, `room_description`) VALUES (226, 2, '65', 69, '7186.10', 'Qui aut sit aut quasi consequatur consectetur consequatur. Quia ut excepturi qui repellendus officia. Quos nam iusto non autem. Quia in qui dolorem nisi impedit saepe.');
INSERT INTO `rooms` (`id`, `room_type_id`, `room_name`, `hotel_id`, `current_price`, `room_description`) VALUES (227, 3, '204', 7, '1235.48', 'Eius rerum deserunt pariatur recusandae. Ut necessitatibus et rerum ut aut. Non quod facere nemo eos. Non unde autem porro iste.');
INSERT INTO `rooms` (`id`, `room_type_id`, `room_name`, `hotel_id`, `current_price`, `room_description`) VALUES (228, 5, '107', 15, '1830.80', 'Excepturi earum beatae suscipit ea. Non consequatur non fugiat veniam consectetur cumque. Aut eius quae et vitae eum. Consequatur odit fuga ea quaerat iusto. Sed voluptas voluptas iste et veniam veritatis eum aut.');
INSERT INTO `rooms` (`id`, `room_type_id`, `room_name`, `hotel_id`, `current_price`, `room_description`) VALUES (229, 5, '218', 30, '4350.43', 'Saepe corrupti non doloremque. Deleniti aperiam et eum vel quisquam impedit. Hic et placeat qui nemo molestiae.');
INSERT INTO `rooms` (`id`, `room_type_id`, `room_name`, `hotel_id`, `current_price`, `room_description`) VALUES (230, 2, '234', 48, '1564.94', 'Distinctio quos corporis molestiae veritatis qui sit earum. Ut doloribus voluptas sit quisquam sit molestiae magni nulla. Hic alias quae quia voluptatem dolore repellat excepturi sit. Aspernatur reiciendis optio nam hic tempore. Dolorum saepe et deleniti magni.');
INSERT INTO `rooms` (`id`, `room_type_id`, `room_name`, `hotel_id`, `current_price`, `room_description`) VALUES (231, 3, '90', 72, '8434.87', 'Reprehenderit nihil ea facere qui. Est eligendi aliquid ratione ex. Ut amet ea aperiam quia reprehenderit quia vero aut. Sunt sequi eveniet amet laboriosam accusamus aperiam.');
INSERT INTO `rooms` (`id`, `room_type_id`, `room_name`, `hotel_id`, `current_price`, `room_description`) VALUES (232, 2, '104', 68, '4108.51', 'Quos labore qui qui omnis voluptatem unde sunt architecto. Magni occaecati aliquid sit dicta placeat. Deserunt aspernatur et aut est sed. Adipisci sunt voluptates et quaerat quasi.');
INSERT INTO `rooms` (`id`, `room_type_id`, `room_name`, `hotel_id`, `current_price`, `room_description`) VALUES (233, 1, '84', 67, '9811.70', 'Et eius voluptates tempore rerum dolorem eveniet quo. Error id adipisci sed. Labore in repellendus expedita expedita.');
INSERT INTO `rooms` (`id`, `room_type_id`, `room_name`, `hotel_id`, `current_price`, `room_description`) VALUES (234, 1, '214', 81, '3355.95', 'Quae et voluptates delectus velit ut. Voluptas nam harum doloribus corporis optio debitis voluptatem.');
INSERT INTO `rooms` (`id`, `room_type_id`, `room_name`, `hotel_id`, `current_price`, `room_description`) VALUES (235, 2, '132', 82, '1415.20', 'Optio ipsum id reiciendis incidunt quibusdam ipsa omnis autem. Velit dolore velit velit dolorem rem numquam. Fugiat aliquam sequi exercitationem porro voluptas et. Non sit veritatis temporibus sit ipsum provident quia et. Rem iste reprehenderit magnam maxime pariatur nihil.');
INSERT INTO `rooms` (`id`, `room_type_id`, `room_name`, `hotel_id`, `current_price`, `room_description`) VALUES (236, 1, '260', 14, '468.10', 'Magni quis labore eveniet non laudantium et. Illo quia molestiae aut odio non laboriosam magnam. Id corporis illo et magni maiores tenetur. Est et numquam praesentium nesciunt sit. Nulla nulla ut nesciunt nulla quia aliquam.');
INSERT INTO `rooms` (`id`, `room_type_id`, `room_name`, `hotel_id`, `current_price`, `room_description`) VALUES (237, 3, '30', 56, '6505.65', 'Eum vero id exercitationem molestias modi. Qui necessitatibus eum iste rerum aut. Animi ut earum deleniti vel dolor.');
INSERT INTO `rooms` (`id`, `room_type_id`, `room_name`, `hotel_id`, `current_price`, `room_description`) VALUES (238, 3, '157', 57, '2394.12', 'Odit id expedita nisi sit ad eum dolorem. Itaque voluptas ea a omnis molestiae. Sint aliquam ratione molestiae tempora quisquam. Molestiae ut rem commodi natus soluta nam nobis minus.');
INSERT INTO `rooms` (`id`, `room_type_id`, `room_name`, `hotel_id`, `current_price`, `room_description`) VALUES (239, 2, '183', 86, '5116.02', 'Ad voluptate repudiandae quam quia esse. Ea voluptas in aut deleniti. Consequatur aut et fugiat dolores impedit.');
INSERT INTO `rooms` (`id`, `room_type_id`, `room_name`, `hotel_id`, `current_price`, `room_description`) VALUES (240, 1, '3', 93, '4136.20', 'Aut dolore sequi qui temporibus qui impedit. Quo delectus accusantium sequi rerum impedit quo deserunt. Possimus consequuntur blanditiis occaecati id. Sint id tempora numquam eaque cum error.');
INSERT INTO `rooms` (`id`, `room_type_id`, `room_name`, `hotel_id`, `current_price`, `room_description`) VALUES (241, 5, '56', 50, '9219.12', 'Enim sit possimus nulla animi nihil sequi qui. Culpa nulla officia qui deleniti qui. Velit autem accusantium esse natus aut. Est nostrum quas illo rem sint. Iusto est consectetur odio ut voluptatem dolores amet nihil.');
INSERT INTO `rooms` (`id`, `room_type_id`, `room_name`, `hotel_id`, `current_price`, `room_description`) VALUES (242, 4, '131', 34, '5846.80', 'Molestiae nostrum perferendis saepe quod doloremque dicta. Natus facere fugiat quod veritatis qui praesentium consequuntur. Animi similique sed enim facilis voluptatem ut non dolor.');
INSERT INTO `rooms` (`id`, `room_type_id`, `room_name`, `hotel_id`, `current_price`, `room_description`) VALUES (243, 3, '12', 50, '5583.87', 'Qui sit molestiae in rerum enim corrupti cum. Exercitationem animi possimus velit. Vitae expedita qui id harum nesciunt officiis. Sed numquam possimus libero omnis et accusantium corporis. Reprehenderit aut ex non consequuntur.');
INSERT INTO `rooms` (`id`, `room_type_id`, `room_name`, `hotel_id`, `current_price`, `room_description`) VALUES (244, 3, '196', 52, '2296.91', 'Est modi sint delectus. Esse doloribus cumque sit maxime eos. Non et non voluptatibus voluptate perferendis ab vero. Libero magnam veniam velit quia.');
INSERT INTO `rooms` (`id`, `room_type_id`, `room_name`, `hotel_id`, `current_price`, `room_description`) VALUES (245, 4, '49', 79, '7247.07', 'Beatae amet id id et enim earum. Et ipsam assumenda asperiores consequuntur laborum quia quos est. Aliquid alias sed doloremque enim doloribus est ut. Eius necessitatibus soluta et.');
INSERT INTO `rooms` (`id`, `room_type_id`, `room_name`, `hotel_id`, `current_price`, `room_description`) VALUES (246, 5, '122', 21, '7515.95', 'Aut culpa at dolores ratione. Quibusdam nam quod omnis quidem sit iure. Quo delectus odio alias amet.');
INSERT INTO `rooms` (`id`, `room_type_id`, `room_name`, `hotel_id`, `current_price`, `room_description`) VALUES (247, 3, '84', 27, '8958.11', 'Et iure autem quidem occaecati quis culpa. Optio autem facere facere sequi. Omnis eum reprehenderit eos rem.');
INSERT INTO `rooms` (`id`, `room_type_id`, `room_name`, `hotel_id`, `current_price`, `room_description`) VALUES (248, 5, '171', 55, '4445.00', 'Vel non perspiciatis facilis commodi perferendis sed omnis placeat. Suscipit modi doloribus porro fugit velit odit aut. Pariatur sunt totam dignissimos ipsam commodi.');
INSERT INTO `rooms` (`id`, `room_type_id`, `room_name`, `hotel_id`, `current_price`, `room_description`) VALUES (249, 5, '288', 7, '2559.61', 'Nisi expedita consequatur commodi voluptas. Sapiente sed vel cumque rerum quasi. Est aut et architecto quaerat blanditiis nobis reiciendis. Excepturi quidem quia et error consectetur omnis eius.');
INSERT INTO `rooms` (`id`, `room_type_id`, `room_name`, `hotel_id`, `current_price`, `room_description`) VALUES (250, 2, '96', 21, '1742.85', 'Quo aut commodi in adipisci ratione. Facere dolorem molestias deserunt pariatur ullam sit ut nihil. Et voluptas blanditiis molestias porro ad veniam quae. Neque perspiciatis quam cumque cum quisquam alias fuga.');
INSERT INTO `rooms` (`id`, `room_type_id`, `room_name`, `hotel_id`, `current_price`, `room_description`) VALUES (251, 5, '111', 38, '5314.86', 'Libero nihil sit consequatur ducimus dolorum. Nisi nostrum commodi perferendis nesciunt modi ut. Itaque eveniet tenetur veniam libero sunt unde.');
INSERT INTO `rooms` (`id`, `room_type_id`, `room_name`, `hotel_id`, `current_price`, `room_description`) VALUES (252, 2, '145', 40, '5786.36', 'Eum et pariatur animi quia laudantium rerum sed. Voluptatem nostrum eum dolorum excepturi nisi non nobis. Sit qui dolore esse accusamus.');
INSERT INTO `rooms` (`id`, `room_type_id`, `room_name`, `hotel_id`, `current_price`, `room_description`) VALUES (253, 5, '16', 87, '9462.32', 'Architecto consequatur modi vitae sed. Tempora ipsa provident expedita optio laborum molestiae. Atque in autem occaecati dicta est minus quo. Voluptates rerum ex placeat facilis facere.');
INSERT INTO `rooms` (`id`, `room_type_id`, `room_name`, `hotel_id`, `current_price`, `room_description`) VALUES (254, 5, '129', 17, '6517.29', 'Ea animi ea laudantium voluptatem totam. Nisi laudantium rerum velit officiis molestiae tempore. Explicabo minima eos maiores minima.');
INSERT INTO `rooms` (`id`, `room_type_id`, `room_name`, `hotel_id`, `current_price`, `room_description`) VALUES (255, 4, '298', 7, '920.59', 'Corporis quis facere deserunt mollitia voluptatem quisquam. Assumenda optio eos omnis cupiditate architecto ut. Velit eum ut ullam voluptates.');
INSERT INTO `rooms` (`id`, `room_type_id`, `room_name`, `hotel_id`, `current_price`, `room_description`) VALUES (256, 1, '78', 63, '5981.86', 'Quam dolorem sit et dolores. Aspernatur ipsum adipisci quisquam vitae rem aut. Ex molestiae autem placeat esse praesentium sit provident. Placeat aperiam nam voluptatibus.');
INSERT INTO `rooms` (`id`, `room_type_id`, `room_name`, `hotel_id`, `current_price`, `room_description`) VALUES (257, 3, '144', 71, '7813.88', 'Adipisci qui et ea sed distinctio et natus. Ab laborum ipsam officiis inventore. Laborum ab voluptatem ducimus fuga ut consequatur ut. Ut nam neque soluta aut cupiditate assumenda totam. Vel voluptatem aliquid sed placeat.');
INSERT INTO `rooms` (`id`, `room_type_id`, `room_name`, `hotel_id`, `current_price`, `room_description`) VALUES (258, 5, '110', 11, '9730.50', 'Praesentium dolor deserunt possimus non quam a earum. Quia dolores sequi molestiae enim accusantium sit qui provident. Qui quaerat architecto et quas eum.');
INSERT INTO `rooms` (`id`, `room_type_id`, `room_name`, `hotel_id`, `current_price`, `room_description`) VALUES (259, 1, '213', 44, '5890.65', 'Enim ut et voluptatum earum beatae. Sequi non officia a non ex. Sed sit aut sunt expedita mollitia sit.');
INSERT INTO `rooms` (`id`, `room_type_id`, `room_name`, `hotel_id`, `current_price`, `room_description`) VALUES (260, 4, '245', 99, '2079.15', 'Nihil eos maxime corporis molestiae laborum cum culpa ea. Beatae nostrum praesentium consequatur quas nisi voluptatem veniam. At totam autem qui incidunt sint ipsum amet.');
INSERT INTO `rooms` (`id`, `room_type_id`, `room_name`, `hotel_id`, `current_price`, `room_description`) VALUES (261, 2, '34', 62, '9678.30', 'Rerum in ut quos sit enim. Et quod consequatur ducimus voluptate aut dignissimos harum. Debitis rem ullam modi animi nihil sequi quidem. Accusantium iusto eos et quaerat et a dolorum.');
INSERT INTO `rooms` (`id`, `room_type_id`, `room_name`, `hotel_id`, `current_price`, `room_description`) VALUES (262, 1, '147', 72, '9581.86', 'Corrupti animi qui dolor pariatur expedita. Nam aut vitae nulla delectus fuga. Dolor voluptate assumenda ipsam. Mollitia doloribus molestiae rerum labore.');
INSERT INTO `rooms` (`id`, `room_type_id`, `room_name`, `hotel_id`, `current_price`, `room_description`) VALUES (263, 5, '46', 8, '829.86', 'Incidunt perferendis ab sed. Exercitationem deleniti saepe praesentium eveniet molestias tempora.');
INSERT INTO `rooms` (`id`, `room_type_id`, `room_name`, `hotel_id`, `current_price`, `room_description`) VALUES (264, 2, '73', 81, '6681.82', 'Ad et eos odio est quisquam illo iusto. Ea tempora rerum eum aut reprehenderit quibusdam dicta. Ab ipsam pariatur facere ipsam unde neque repellendus. Assumenda ducimus vero asperiores debitis laudantium quas et.');
INSERT INTO `rooms` (`id`, `room_type_id`, `room_name`, `hotel_id`, `current_price`, `room_description`) VALUES (265, 1, '198', 60, '4615.15', 'Reprehenderit nobis natus doloremque molestias omnis ducimus tempore eligendi. Non sint ut molestiae est. Sit dolore ipsum possimus pariatur eveniet ut aut. Nisi id sit quia veniam qui sint.');
INSERT INTO `rooms` (`id`, `room_type_id`, `room_name`, `hotel_id`, `current_price`, `room_description`) VALUES (266, 1, '142', 2, '8413.41', 'Deleniti natus laboriosam quibusdam repudiandae ab. Et quisquam ipsum dolores numquam sed ducimus omnis. Nulla quos a voluptas animi.');
INSERT INTO `rooms` (`id`, `room_type_id`, `room_name`, `hotel_id`, `current_price`, `room_description`) VALUES (267, 5, '160', 35, '2565.72', 'At cupiditate fugiat odio earum expedita. Repellat quis ut nisi commodi suscipit ut. Totam beatae aut saepe aut magni.');
INSERT INTO `rooms` (`id`, `room_type_id`, `room_name`, `hotel_id`, `current_price`, `room_description`) VALUES (268, 3, '94', 90, '2905.49', 'Maiores reprehenderit accusantium nemo molestiae sit est libero. Eligendi non alias rerum minima. Dolores ut nostrum rerum. Non vitae alias commodi dignissimos placeat aut.');
INSERT INTO `rooms` (`id`, `room_type_id`, `room_name`, `hotel_id`, `current_price`, `room_description`) VALUES (269, 2, '65', 38, '3813.90', 'Praesentium rerum excepturi necessitatibus quasi possimus. Illum qui et voluptatem soluta fugit fuga in. Vero ab rem unde quia totam aut.');
INSERT INTO `rooms` (`id`, `room_type_id`, `room_name`, `hotel_id`, `current_price`, `room_description`) VALUES (270, 1, '198', 93, '1566.47', 'Distinctio facere alias dolorem incidunt incidunt eos. Debitis corrupti iure facere similique. Sunt quia illum dolores excepturi possimus.');
INSERT INTO `rooms` (`id`, `room_type_id`, `room_name`, `hotel_id`, `current_price`, `room_description`) VALUES (271, 3, '91', 15, '4081.33', 'Qui quia blanditiis fugit ab. Occaecati velit cum saepe rerum omnis suscipit deserunt. Maxime est nulla doloribus ut. Labore cumque sunt ullam.');
INSERT INTO `rooms` (`id`, `room_type_id`, `room_name`, `hotel_id`, `current_price`, `room_description`) VALUES (272, 3, '26', 100, '7977.70', 'Omnis aliquid quia voluptatem dolor neque dolorem. Est nesciunt dolor dolores pariatur recusandae. Explicabo hic animi ad ipsam molestiae esse. Eos veniam qui asperiores aliquam nam. Dolorem delectus hic laborum eveniet.');
INSERT INTO `rooms` (`id`, `room_type_id`, `room_name`, `hotel_id`, `current_price`, `room_description`) VALUES (273, 5, '160', 51, '1629.24', 'Error impedit nisi ab voluptates veniam atque vitae est. Maxime voluptatem enim corrupti quidem non cupiditate. Distinctio quia nemo fugiat voluptates.');
INSERT INTO `rooms` (`id`, `room_type_id`, `room_name`, `hotel_id`, `current_price`, `room_description`) VALUES (274, 1, '287', 5, '4447.00', 'Ut aut et omnis dignissimos deleniti voluptates sint. Voluptatem iste asperiores doloremque et vero. Quo amet reprehenderit vitae iusto quo quasi.');
INSERT INTO `rooms` (`id`, `room_type_id`, `room_name`, `hotel_id`, `current_price`, `room_description`) VALUES (275, 5, '20', 73, '8546.61', 'Soluta dolorem sit odio non dolores et officiis amet. Facilis cum harum sint deserunt. Dolores sunt amet modi id. Vel eligendi atque magnam odit corrupti ea repellendus pariatur.');
INSERT INTO `rooms` (`id`, `room_type_id`, `room_name`, `hotel_id`, `current_price`, `room_description`) VALUES (276, 1, '190', 16, '4768.55', 'Non cupiditate quae esse non est vel dolor. Consequuntur odio fuga temporibus voluptatem laudantium aperiam. Accusamus molestiae aut qui quod assumenda deleniti eos.');
INSERT INTO `rooms` (`id`, `room_type_id`, `room_name`, `hotel_id`, `current_price`, `room_description`) VALUES (277, 2, '77', 23, '1247.42', 'Et voluptas vero quia et repellendus. Sit est ut ea omnis. Modi culpa et architecto error est quo vitae. Officiis quia sed reprehenderit totam ratione.');
INSERT INTO `rooms` (`id`, `room_type_id`, `room_name`, `hotel_id`, `current_price`, `room_description`) VALUES (278, 5, '186', 21, '2362.42', 'Ipsum nihil fuga est nam quia adipisci dolor quod. Eveniet accusantium veniam aut sit rem. Ut esse natus inventore fugiat.');
INSERT INTO `rooms` (`id`, `room_type_id`, `room_name`, `hotel_id`, `current_price`, `room_description`) VALUES (279, 2, '279', 13, '7431.76', 'Est aut aut debitis quia inventore dolore est qui. Et laboriosam tenetur modi ut. Sunt similique autem cupiditate voluptas voluptatem.');
INSERT INTO `rooms` (`id`, `room_type_id`, `room_name`, `hotel_id`, `current_price`, `room_description`) VALUES (280, 1, '272', 45, '3998.55', 'Ipsum culpa vel quo nihil voluptas. Ducimus dolorem deserunt aut vel earum. Et nihil ipsam et rerum quidem laborum.');
INSERT INTO `rooms` (`id`, `room_type_id`, `room_name`, `hotel_id`, `current_price`, `room_description`) VALUES (281, 4, '293', 3, '1206.27', 'Consequatur vitae exercitationem et incidunt inventore. Molestias impedit numquam ipsam aut dolores quia et. Quos sit ut dolorem nemo animi delectus.');
INSERT INTO `rooms` (`id`, `room_type_id`, `room_name`, `hotel_id`, `current_price`, `room_description`) VALUES (282, 3, '30', 70, '4842.57', 'Cumque ex et eaque expedita. Error veritatis delectus ut provident. Occaecati voluptates voluptatem nostrum ex doloremque nobis quidem voluptas. Non architecto eius esse dignissimos enim.');
INSERT INTO `rooms` (`id`, `room_type_id`, `room_name`, `hotel_id`, `current_price`, `room_description`) VALUES (283, 2, '76', 88, '2600.03', 'Perferendis et atque accusantium ut. Sunt possimus commodi nihil aut. Voluptatem a deleniti molestias dolore suscipit eligendi eaque rerum. Quia quis id quaerat tempora et quae ut.');
INSERT INTO `rooms` (`id`, `room_type_id`, `room_name`, `hotel_id`, `current_price`, `room_description`) VALUES (284, 3, '250', 58, '7301.00', 'Illum fuga quibusdam architecto iure laborum assumenda voluptas. Illum quaerat unde quae quia molestiae sint sit. Aut quaerat omnis odit id. Eius ipsum quaerat distinctio maiores.');
INSERT INTO `rooms` (`id`, `room_type_id`, `room_name`, `hotel_id`, `current_price`, `room_description`) VALUES (285, 2, '86', 65, '1472.25', 'Ea officiis id sint ratione in vel rerum. Est est culpa ea quas amet minima ducimus. Iusto totam ut saepe magni perferendis voluptatum fuga debitis.');
INSERT INTO `rooms` (`id`, `room_type_id`, `room_name`, `hotel_id`, `current_price`, `room_description`) VALUES (286, 3, '84', 69, '4359.94', 'Soluta rerum quia ea iste autem dolore quia. Voluptatum voluptas et explicabo magnam inventore accusamus autem. Ut dolorem optio et praesentium quisquam beatae sit.');
INSERT INTO `rooms` (`id`, `room_type_id`, `room_name`, `hotel_id`, `current_price`, `room_description`) VALUES (287, 4, '111', 5, '5130.20', 'Asperiores consectetur in id repellat similique. Consequatur et sapiente adipisci consequuntur ullam dolor tenetur. Iusto commodi aliquid sapiente nisi dolores qui veniam. Fugiat officiis minus est est.');
INSERT INTO `rooms` (`id`, `room_type_id`, `room_name`, `hotel_id`, `current_price`, `room_description`) VALUES (288, 4, '55', 64, '5626.30', 'Iste pariatur voluptatem alias. Debitis modi voluptas accusantium animi. Occaecati iure sunt temporibus aut totam.');
INSERT INTO `rooms` (`id`, `room_type_id`, `room_name`, `hotel_id`, `current_price`, `room_description`) VALUES (289, 3, '293', 78, '6412.96', 'Ex qui et aut similique velit ut. Porro distinctio tenetur iure ad. Quo autem in laborum hic quia accusamus blanditiis. Qui est praesentium nulla ut porro.');
INSERT INTO `rooms` (`id`, `room_type_id`, `room_name`, `hotel_id`, `current_price`, `room_description`) VALUES (290, 4, '124', 49, '1961.00', 'Possimus assumenda harum rerum. Nobis eum quas voluptatem ad vel.');
INSERT INTO `rooms` (`id`, `room_type_id`, `room_name`, `hotel_id`, `current_price`, `room_description`) VALUES (291, 3, '69', 72, '6810.65', 'Repellendus sit et quod facere ab qui corporis. Quia officiis sit consectetur harum inventore. In velit quasi temporibus commodi odit non non possimus. Voluptatum cumque eius ex.');
INSERT INTO `rooms` (`id`, `room_type_id`, `room_name`, `hotel_id`, `current_price`, `room_description`) VALUES (292, 4, '157', 84, '8867.60', 'Id ab omnis eligendi omnis sunt. Consequuntur neque aut earum tenetur ut voluptatum quos. Laudantium enim ut nulla et nemo. Aliquam nemo quasi quo sunt laudantium.');
INSERT INTO `rooms` (`id`, `room_type_id`, `room_name`, `hotel_id`, `current_price`, `room_description`) VALUES (293, 5, '55', 52, '3231.81', 'Debitis aliquid consequatur amet aperiam beatae id. Voluptas quisquam a id labore. Aliquam totam laboriosam ut quia fugiat quam et provident.');
INSERT INTO `rooms` (`id`, `room_type_id`, `room_name`, `hotel_id`, `current_price`, `room_description`) VALUES (294, 1, '1', 24, '7229.90', 'Veniam ut molestiae necessitatibus libero magni autem nobis. Quas quia voluptas temporibus et. Et aut ea aut. Eligendi adipisci nisi non nobis dicta aspernatur rerum.');
INSERT INTO `rooms` (`id`, `room_type_id`, `room_name`, `hotel_id`, `current_price`, `room_description`) VALUES (295, 4, '183', 6, '3193.36', 'Vero porro sed asperiores. Suscipit occaecati culpa sint. Adipisci voluptatem accusantium et at eveniet aut. Eligendi officia placeat et voluptate.');
INSERT INTO `rooms` (`id`, `room_type_id`, `room_name`, `hotel_id`, `current_price`, `room_description`) VALUES (296, 4, '154', 37, '1307.93', 'Id qui officia consequuntur. Rerum officia ratione neque. Possimus quo officiis excepturi sed. Voluptatibus aspernatur quam odio qui.');
INSERT INTO `rooms` (`id`, `room_type_id`, `room_name`, `hotel_id`, `current_price`, `room_description`) VALUES (297, 1, '85', 14, '841.70', 'Veritatis eum ullam libero nostrum. Voluptatem sed eos doloribus porro asperiores. Expedita voluptatibus illum voluptatem rerum id.');
INSERT INTO `rooms` (`id`, `room_type_id`, `room_name`, `hotel_id`, `current_price`, `room_description`) VALUES (298, 1, '202', 45, '7096.87', 'Eum aliquam quos officia ut autem sit saepe. Vel distinctio ex qui sapiente. Voluptates aperiam autem corrupti illo debitis. Enim illo qui nesciunt facere.');
INSERT INTO `rooms` (`id`, `room_type_id`, `room_name`, `hotel_id`, `current_price`, `room_description`) VALUES (299, 1, '32', 64, '2387.18', 'Amet aperiam culpa in esse doloribus ducimus. Odit dignissimos ut dolor reprehenderit ullam. Ea et dolorem velit voluptatem sint in cupiditate autem. Voluptas dolor dolorem quos.');
INSERT INTO `rooms` (`id`, `room_type_id`, `room_name`, `hotel_id`, `current_price`, `room_description`) VALUES (300, 1, '171', 27, '9928.14', 'Asperiores deserunt et laboriosam sit illum a. Quidem qui et voluptates explicabo temporibus asperiores. Et dolor praesentium repellat voluptatem. Ipsum architecto voluptatibus dolore vel non quo et.');


